{"stats":{"minecraft:broken":{"minecraft:iron_boots":1,"minecraft:golden_sword":1,"minecraft:iron_axe":2,"minecraft:iron_helmet":1,"minecraft:wooden_axe":3},"minecraft:killed_by":{"minecraft:player":1},"minecraft:picked_up":{"minecraft:wooden_axe":2,"minecraft:allium":1,"minecraft:azure_bluet":1,"minecraft:chicken":10,"minecraft:diamond_sword":2,"gnumus:gnumus_claw":1,"minecraft:wooden_pickaxe":1,"minecraft:string":6,"minecraft:iron_axe":2,"minecraft:flint_and_steel":1,"minecraft:diamond_leggings":1,"minecraft:cobbled_deepslate":113,"minecraft:beef":11,"minecraft:iron_pickaxe":1,"minecraft:light_gray_wool":1,"minecraft:birch_sapling":13,"minecraft:iron_boots":1,"minecraft:egg":2,"minecraft:dark_oak_sapling":2,"minecraft:stick":103,"minecraft:raw_iron":43,"minecraft:oak_fence":2,"minecraft:torch":16,"minecraft:porkchop":16,"minecraft:pointed_dripstone":2,"minecraft:redstone":18,"minecraft:diamond_chestplate":1,"minecraft:arrow":4,"minecraft:rotten_flesh":13,"minecraft:red_tulip":1,"minecraft:glow_berries":1,"minecraft:mutton":21,"minecraft:white_wool":10,"minecraft:cobblestone":62,"minecraft:birch_log":19,"minecraft:feather":6,"minecraft:leather":12,"minecraft:birch_planks":13,"minecraft:tuff":1,"minecraft:oak_log":588,"minecraft:gunpowder":2,"minecraft:lapis_lazuli":10,"minecraft:dirt":22,"gnumus:gnumus_pouch_2":1,"minecraft:cooked_mutton":1,"minecraft:bone":4,"minecraft:apple":14,"minecraft:wheat_seeds":3,"minecraft:iron_ingot":53,"minecraft:cooked_chicken":2,"minecraft:oak_planks":698,"minecraft:cooked_porkchop":1,"minecraft:white_bed":12,"minecraft:spider_eye":1,"minecraft:diamond":26,"minecraft:iron_helmet":1,"minecraft:gray_wool":3,"minecraft:oak_sapling":132,"minecraft:coal":109,"minecraft:diamond_pickaxe":1},"minecraft:mined":{"minecraft:diamond_ore":1,"minecraft:tuff":1,"minecraft:white_bed":12,"minecraft:mossy_cobblestone":3,"minecraft:deepslate_diamond_ore":8,"minecraft:dark_oak_log":1,"minecraft:cave_vines_plant":1,"minecraft:grass_block":43,"travelersbackpack:white_sleeping_bag":4,"minecraft:iron_ore":12,"minecraft:azure_bluet":1,"minecraft:pointed_dripstone":1,"minecraft:deepslate_iron_ore":5,"minecraft:rail":1,"minecraft:stone":41,"minecraft:deepslate_redstone_ore":1,"minecraft:torch":11,"minecraft:lapis_ore":2,"minecraft:oak_planks":52,"minecraft:wall_torch":10,"minecraft:birch_planks":5,"minecraft:birch_log":19,"minecraft:birch_leaves":3,"minecraft:grass":3,"minecraft:oak_log":651,"minecraft:coal_ore":10,"minecraft:oak_leaves":27,"minecraft:deepslate":94},"minecraft:crafted":{"minecraft:wooden_sword":1,"minecraft:oak_planks":1684,"minecraft:cooked_chicken":6,"minecraft:furnace":4,"minecraft:cooked_mutton":40,"minecraft:iron_boots":3,"minecraft:diamond_leggings":1,"minecraft:iron_axe":5,"minecraft:stone_pickaxe":1,"minecraft:chest":5,"minecraft:diamond_sword":1,"minecraft:cooked_porkchop":15,"minecraft:crafting_table":7,"minecraft:wooden_pickaxe":1,"minecraft:iron_helmet":2,"minecraft:iron_sword":1,"minecraft:birch_planks":40,"minecraft:air":0,"minecraft:iron_chestplate":1,"minecraft:diamond_pickaxe":1,"minecraft:stick":64,"minecraft:iron_pickaxe":1,"minecraft:iron_ingot":39,"minecraft:wooden_axe":5,"minecraft:iron_leggings":1,"minecraft:white_bed":1,"minecraft:torch":200,"minecraft:diamond_chestplate":1},"minecraft:dropped":{"minecraft:iron_sword":1,"minecraft:diamond":1,"minecraft:cooked_porkchop":1,"minecraft:wooden_axe":2,"minecraft:iron_axe":1,"minecraft:birch_log":1,"minecraft:bone":4,"minecraft:cobbled_deepslate":1,"minecraft:oak_planks":1420,"minecraft:cooked_mutton":1,"minecraft:diamond_sword":1,"minecraft:oak_sapling":10,"minecraft:wooden_pickaxe":1},"minecraft:custom":{"minecraft:mob_kills":61,"minecraft:interact_with_crafting_table":42,"minecraft:leave_game":2,"minecraft:time_since_death":18072,"minecraft:sprint_one_cm":550297,"minecraft:walk_one_cm":442707,"minecraft:drop":37,"minecraft:play_time":163542,"minecraft:deaths":1,"minecraft:sneak_time":10014,"minecraft:walk_under_water_one_cm":4495,"minecraft:jump":2680,"minecraft:walk_on_water_one_cm":23402,"minecraft:total_world_time":163542,"minecraft:interact_with_furnace":42,"minecraft:sleep_in_bed":14,"minecraft:time_since_rest":3908,"minecraft:damage_taken":3457,"minecraft:damage_dealt":8895,"minecraft:swim_one_cm":4518,"minecraft:fly_one_cm":392002,"minecraft:player_kills":3,"minecraft:open_chest":29,"minecraft:crouch_one_cm":40089,"minecraft:interact_with_smoker":11,"minecraft:fall_one_cm":87551},"minecraft:killed":{"minecraft:cave_spider":1,"minecraft:spider":4,"minecraft:skeleton":2,"minecraft:chicken":10,"gnumus:gnumus_hunter":1,"minecraft:pig":8,"minecraft:creeper":1,"minecraft:sheep":14,"minecraft:zombie":12,"minecraft:cow":7},"minecraft:used":{"minecraft:oak_fence":2,"minecraft:chest":5,"minecraft:iron_sword":36,"minecraft:cooked_chicken":6,"minecraft:torch":157,"minecraft:azure_bluet":1,"minecraft:wooden_axe":212,"minecraft:iron_axe":618,"minecraft:golden_sword":32,"minecraft:beef":2,"minecraft:furnace":4,"minecraft:oak_sapling":41,"minecraft:cobbled_deepslate":3,"minecraft:cooked_mutton":36,"minecraft:birch_planks":23,"minecraft:stone_pickaxe":16,"minecraft:oak_planks":814,"minecraft:wooden_pickaxe":38,"minecraft:glow_berries":1,"minecraft:crafting_table":7,"minecraft:white_bed":11,"minecraft:diamond_pickaxe":8,"minecraft:apple":4,"minecraft:iron_pickaxe":132,"minecraft:diamond_sword":70,"minecraft:wooden_sword":37,"minecraft:cobblestone":4,"minecraft:cooked_porkchop":10}},"DataVersion":3465}