{"stats":{"minecraft:broken":{"minecraft:iron_boots":1,"minecraft:flint_and_steel":2,"gnumus:gnumus_cutlass":1,"minecraft:golden_sword":1,"minecraft:iron_axe":4,"minecraft:iron_helmet":1,"minecraft:wooden_axe":3},"minecraft:killed_by":{"minecraft:player":1},"minecraft:picked_up":{"minecraft:wooden_axe":2,"minecraft:charcoal":2,"minecraft:allium":1,"minecraft:azure_bluet":1,"minecraft:chicken":19,"minecraft:smithing_table":1,"gnumus:gnumus_claw":21,"minecraft:diamond_sword":7,"minecraft:wooden_pickaxe":1,"minecraft:moss_carpet":3,"minecraft:string":8,"minecraft:raw_copper":22,"minecraft:iron_axe":2,"minecraft:flint_and_steel":1,"minecraft:diamond_leggings":1,"minecraft:cartography_table":1,"minecraft:candle":1,"minecraft:cobbled_deepslate":236,"gnumus:packaged_goods":13,"minecraft:beef":30,"minecraft:rose_bush":2,"minecraft:spruce_slab":1,"minecraft:iron_pickaxe":1,"minecraft:light_gray_wool":1,"minecraft:melon_slice":59,"minecraft:birch_sapling":48,"minecraft:phantom_membrane":1,"minecraft:iron_boots":1,"minecraft:egg":3,"minecraft:dark_oak_sapling":5,"minecraft:stick":211,"minecraft:raw_iron":173,"gnumus:juicy_meat":6,"minecraft:oak_fence":2,"gnumus:gnumus_clay_brick":1,"minecraft:torch":36,"minecraft:porkchop":31,"minecraft:pointed_dripstone":2,"minecraft:diorite":32,"gnumus:grilled_juicy_meat":4,"minecraft:redstone":18,"minecraft:dark_oak_planks":1,"gnumus:wrapper_with_goods":2,"gnumus:vintage_metal":1,"gnumus:gnumus_clay_brick_slap":1,"minecraft:arrow":5,"minecraft:rotten_flesh":18,"minecraft:diamond_chestplate":1,"minecraft:red_tulip":1,"gnumus:gnumus_chickpeas":19,"gnumus:gnumus_pouch_3":1,"gnumus:mouse_skin":48,"minecraft:glow_berries":4,"minecraft:mutton":36,"minecraft:white_wool":16,"minecraft:cobblestone":213,"minecraft:birch_log":188,"gnumus:gnumus_doubloons":12,"minecraft:feather":14,"minecraft:cooked_beef":2,"minecraft:golden_carrot":6,"gnumus:overripe_carrot":16,"minecraft:leather":29,"gnumus:gnumus_pouch":5,"minecraft:birch_planks":17,"minecraft:flint":1,"minecraft:tuff":58,"minecraft:oak_log":1047,"minecraft:gunpowder":2,"minecraft:paper":14,"minecraft:lapis_lazuli":50,"minecraft:dirt":63,"gnumus:gnumus_pouch_2":9,"minecraft:cooked_mutton":9,"minecraft:bone":9,"minecraft:apple":20,"gnumus:gnumus_horn":1,"minecraft:wheat_seeds":6,"gnumus:baked_gnumus_clay":1,"minecraft:raw_gold":26,"minecraft:bell":1,"minecraft:iron_ingot":117,"minecraft:cooked_chicken":2,"minecraft:rabbit":12,"minecraft:flowering_azalea":1,"minecraft:oak_planks":775,"gnumus:baked_gnumus_clay_stairs":1,"minecraft:cooked_porkchop":1,"minecraft:pumpkin":11,"minecraft:sweet_berries":47,"minecraft:dripstone_block":3,"minecraft:gravel":23,"minecraft:birch_stairs":1,"minecraft:amethyst_shard":3,"gnumus:gnumus_cheese":3,"minecraft:white_bed":12,"minecraft:dark_oak_log":63,"minecraft:spider_eye":1,"travelersbackpack:standard":1,"gnumus:vintage_parts":1,"gnumus:gnumus_clay":57,"minecraft:diamond":38,"minecraft:iron_helmet":1,"minecraft:granite":25,"minecraft:gray_wool":3,"minecraft:emerald":9,"minecraft:bread":3,"minecraft:dark_oak_fence":1,"minecraft:black_wool":1,"minecraft:oak_sapling":180,"minecraft:melon_seeds":4,"minecraft:coal":300,"minecraft:ender_pearl":4,"minecraft:diamond_pickaxe":1},"minecraft:crafted":{"minecraft:wooden_sword":1,"minecraft:oak_planks":3860,"gnumus:grilled_juicy_meat":3,"minecraft:melon":3,"minecraft:cooked_chicken":15,"minecraft:furnace":5,"minecraft:cooked_mutton":47,"minecraft:flint_and_steel":1,"minecraft:glass":192,"minecraft:diamond_helmet":1,"minecraft:diamond_leggings":1,"minecraft:iron_boots":3,"minecraft:iron_axe":8,"minecraft:stone_pickaxe":1,"minecraft:chest":8,"minecraft:diamond_boots":1,"minecraft:dark_oak_planks":84,"minecraft:glistering_melon_slice":28,"minecraft:cooked_beef":25,"gnumus:gnumus_cutlass":1,"minecraft:diamond_sword":1,"minecraft:cooked_porkchop":27,"minecraft:crafting_table":8,"minecraft:wooden_pickaxe":1,"minecraft:iron_helmet":2,"minecraft:iron_sword":1,"minecraft:birch_planks":684,"minecraft:air":0,"minecraft:iron_chestplate":1,"minecraft:diamond_pickaxe":1,"minecraft:gold_nugget":234,"minecraft:stick":68,"minecraft:iron_ingot":138,"minecraft:iron_pickaxe":1,"minecraft:wooden_axe":5,"minecraft:iron_block":3,"minecraft:iron_leggings":1,"minecraft:gold_ingot":26,"minecraft:anvil":1,"minecraft:white_bed":1,"minecraft:torch":456,"minecraft:birch_stairs":40,"minecraft:diamond_chestplate":1},"minecraft:mined":{"minecraft:dark_oak_planks":1,"minecraft:diamond_ore":1,"minecraft:tuff":59,"minecraft:white_bed":12,"minecraft:mossy_cobblestone":3,"minecraft:deepslate_diamond_ore":12,"minecraft:dark_oak_log":83,"minecraft:dark_oak_fence":2,"minecraft:cave_vines_plant":1,"minecraft:granite":26,"minecraft:grass_block":71,"travelersbackpack:white_sleeping_bag":4,"minecraft:cartography_table":1,"gnumus:baked_gnumus_clay":1,"minecraft:iron_ore":21,"minecraft:fire":7,"minecraft:pumpkin":12,"minecraft:azure_bluet":1,"minecraft:bell":1,"minecraft:pointed_dripstone":1,"minecraft:deepslate_iron_ore":42,"minecraft:rail":1,"minecraft:stone":185,"minecraft:smithing_table":1,"minecraft:birch_stairs":1,"minecraft:deepslate_redstone_ore":1,"minecraft:flowering_azalea":1,"minecraft:torch":17,"minecraft:melon":10,"minecraft:glass":1,"minecraft:copper_ore":1,"minecraft:cobblestone":1,"minecraft:lapis_ore":3,"minecraft:deepslate_gold_ore":3,"minecraft:oak_planks":54,"minecraft:diorite":32,"minecraft:wall_torch":15,"minecraft:birch_planks":15,"minecraft:birch_log":194,"minecraft:sweet_berry_bush":3,"minecraft:birch_leaves":10,"minecraft:smooth_stone_slab":2,"minecraft:grass":12,"minecraft:oak_log":1077,"minecraft:coal_ore":17,"minecraft:acacia_fence":1,"gnumus:baked_gnumus_clay_stairs":1,"minecraft:gravel":24,"minecraft:flower_pot":1,"minecraft:dirt":1,"minecraft:oak_leaves":36,"minecraft:deepslate":217},"minecraft:dropped":{"minecraft:iron_ingot":9,"minecraft:iron_sword":1,"minecraft:cooked_beef":2,"minecraft:diamond":1,"minecraft:cooked_porkchop":1,"minecraft:coal":3,"minecraft:torch":1,"minecraft:wooden_axe":2,"minecraft:iron_axe":2,"gnumus:grilled_juicy_meat":1,"minecraft:birch_log":1,"minecraft:white_wool":2,"minecraft:bone":4,"minecraft:cobbled_deepslate":1,"minecraft:birch_sapling":17,"minecraft:oak_planks":3647,"minecraft:cooked_mutton":1,"minecraft:diamond_sword":6,"gnumus:juicy_meat":1,"minecraft:oak_sapling":10,"minecraft:wooden_pickaxe":1,"minecraft:beef":1},"minecraft:custom":{"minecraft:interact_with_smithing_table":3,"minecraft:interact_with_anvil":3,"minecraft:mob_kills":117,"minecraft:interact_with_crafting_table":69,"minecraft:interact_with_campfire":9,"minecraft:leave_game":3,"minecraft:time_since_death":166148,"minecraft:sprint_one_cm":1194583,"minecraft:walk_one_cm":859261,"minecraft:drop":95,"minecraft:talked_to_villager":2,"minecraft:play_time":311618,"minecraft:sneak_time":11691,"minecraft:deaths":1,"minecraft:walk_under_water_one_cm":9141,"minecraft:jump":4427,"minecraft:interact_with_blast_furnace":2,"minecraft:walk_on_water_one_cm":28328,"minecraft:total_world_time":311618,"minecraft:interact_with_furnace":113,"minecraft:sleep_in_bed":14,"minecraft:time_since_rest":151984,"minecraft:damage_taken":5728,"minecraft:damage_dealt":19843,"minecraft:player_kills":3,"minecraft:swim_one_cm":17545,"minecraft:fly_one_cm":669090,"minecraft:open_chest":98,"minecraft:crouch_one_cm":46405,"minecraft:interact_with_smoker":40,"minecraft:fall_one_cm":159129,"minecraft:horse_one_cm":1382},"minecraft:killed":{"minecraft:cave_spider":1,"minecraft:spider":5,"minecraft:phantom":2,"minecraft:skeleton":5,"gnumus:gnumus_worker":5,"minecraft:chicken":13,"gnumus:gnumus_hunter":4,"gnumus:gnumus_hunter_not_dispawn":7,"gnumus:gnumus_shaman":1,"minecraft:pig":15,"gnumus:big_snout":1,"minecraft:creeper":1,"minecraft:sheep":21,"minecraft:zombie":19,"minecraft:cow":16},"minecraft:used":{"minecraft:oak_fence":2,"minecraft:melon":3,"minecraft:flint_and_steel":128,"minecraft:chest":8,"minecraft:iron_sword":36,"minecraft:cooked_chicken":7,"minecraft:torch":236,"minecraft:dirt":28,"minecraft:mutton":1,"minecraft:anvil":1,"minecraft:azure_bluet":1,"minecraft:glass":140,"minecraft:dark_oak_planks":15,"minecraft:wooden_axe":212,"minecraft:flowering_azalea":1,"minecraft:iron_axe":1439,"minecraft:golden_sword":32,"minecraft:golden_carrot":1,"minecraft:beef":2,"minecraft:sweet_berries":37,"minecraft:oak_sapling":41,"minecraft:furnace":5,"minecraft:egg":1,"minecraft:cooked_beef":13,"minecraft:cobbled_deepslate":3,"gnumus:grilled_juicy_meat":3,"minecraft:pumpkin":11,"minecraft:cooked_mutton":43,"minecraft:diorite":1,"minecraft:rabbit":7,"minecraft:birch_planks":46,"minecraft:oak_planks":868,"minecraft:stone_pickaxe":16,"minecraft:wooden_pickaxe":38,"minecraft:glow_berries":1,"minecraft:crafting_table":8,"minecraft:white_bed":11,"gnumus:gnumus_cutlass":12,"gnumus:gnumus_cheese":1,"minecraft:diamond_pickaxe":501,"minecraft:apple":8,"minecraft:dark_oak_log":16,"minecraft:melon_slice":2,"minecraft:iron_pickaxe":132,"minecraft:diamond_sword":262,"minecraft:wooden_sword":37,"minecraft:cobblestone":9,"travelersbackpack:standard":1,"minecraft:porkchop":4,"minecraft:cooked_porkchop":12,"minecraft:birch_stairs":9,"gnumus:juicy_meat":2}},"DataVersion":3465}