{"stats":{"minecraft:broken":{"minecraft:golden_sword":1,"minecraft:wooden_axe":3},"minecraft:custom":{"minecraft:interact_with_furnace":29,"minecraft:mob_kills":40,"minecraft:interact_with_crafting_table":35,"minecraft:leave_game":1,"minecraft:time_since_death":69060,"minecraft:sleep_in_bed":5,"minecraft:time_since_rest":74,"minecraft:sprint_one_cm":205030,"minecraft:damage_taken":1477,"minecraft:walk_one_cm":186551,"minecraft:drop":10,"minecraft:damage_dealt":5587,"minecraft:player_kills":2,"minecraft:swim_one_cm":4518,"minecraft:fly_one_cm":166099,"minecraft:open_chest":17,"minecraft:crouch_one_cm":5268,"minecraft:play_time":69060,"minecraft:sneak_time":1889,"minecraft:walk_under_water_one_cm":4314,"minecraft:jump":1274,"minecraft:walk_on_water_one_cm":23221,"minecraft:total_world_time":69060,"minecraft:interact_with_smoker":5,"minecraft:fall_one_cm":40345},"minecraft:mined":{"minecraft:diamond_ore":1,"minecraft:deepslate_redstone_ore":1,"minecraft:tuff":1,"minecraft:white_bed":3,"minecraft:deepslate_diamond_ore":8,"minecraft:torch":1,"minecraft:cave_vines_plant":1,"minecraft:grass_block":4,"minecraft:lapis_ore":2,"minecraft:oak_planks":1,"minecraft:wall_torch":4,"minecraft:iron_ore":12,"minecraft:birch_leaves":1,"minecraft:azure_bluet":1,"minecraft:grass":2,"minecraft:oak_log":194,"minecraft:pointed_dripstone":1,"minecraft:coal_ore":10,"minecraft:deepslate_iron_ore":5,"minecraft:rail":1,"minecraft:stone":41,"minecraft:oak_leaves":1,"minecraft:deepslate":94},"minecraft:crafted":{"minecraft:wooden_sword":1,"minecraft:oak_planks":704,"minecraft:diamond_sword":1,"minecraft:crafting_table":5,"minecraft:wooden_pickaxe":1,"minecraft:iron_helmet":1,"minecraft:iron_sword":1,"minecraft:furnace":4,"minecraft:cooked_mutton":40,"minecraft:air":0,"minecraft:diamond_leggings":1,"minecraft:iron_boots":2,"minecraft:iron_chestplate":1,"minecraft:diamond_pickaxe":1,"minecraft:iron_axe":1,"minecraft:stick":56,"minecraft:iron_ingot":22,"minecraft:iron_pickaxe":1,"minecraft:stone_pickaxe":1,"minecraft:wooden_axe":5,"minecraft:chest":4,"minecraft:iron_leggings":1,"minecraft:white_bed":1,"minecraft:torch":200,"minecraft:diamond_chestplate":1},"minecraft:used":{"minecraft:cooked_mutton":23,"minecraft:stone_pickaxe":16,"minecraft:oak_planks":160,"minecraft:chest":4,"minecraft:wooden_pickaxe":38,"minecraft:iron_sword":36,"minecraft:torch":128,"minecraft:glow_berries":1,"minecraft:crafting_table":5,"minecraft:white_bed":4,"minecraft:azure_bluet":1,"minecraft:wooden_axe":212,"minecraft:iron_pickaxe":132,"minecraft:diamond_sword":12,"minecraft:wooden_sword":37,"minecraft:golden_sword":32,"minecraft:beef":2,"minecraft:furnace":4,"minecraft:cobbled_deepslate":3},"minecraft:dropped":{"minecraft:iron_sword":1,"minecraft:diamond":1,"minecraft:diamond_sword":1,"minecraft:wooden_axe":2,"minecraft:oak_sapling":10,"minecraft:iron_axe":1,"minecraft:wooden_pickaxe":1,"minecraft:bone":4},"minecraft:killed":{"minecraft:cave_spider":1,"minecraft:spider":2,"minecraft:skeleton":2,"minecraft:sheep":14,"minecraft:zombie":9,"minecraft:chicken":4,"gnumus:gnumus_hunter":1,"minecraft:cow":7},"minecraft:picked_up":{"minecraft:wooden_axe":1,"minecraft:birch_log":1,"minecraft:azure_bluet":1,"minecraft:allium":1,"minecraft:feather":2,"minecraft:chicken":4,"minecraft:diamond_sword":1,"minecraft:leather":12,"gnumus:gnumus_claw":1,"minecraft:wooden_pickaxe":1,"minecraft:tuff":1,"minecraft:oak_log":176,"minecraft:dirt":5,"minecraft:lapis_lazuli":10,"minecraft:string":5,"minecraft:iron_axe":1,"gnumus:gnumus_pouch_2":1,"minecraft:bone":4,"minecraft:apple":3,"minecraft:wheat_seeds":3,"minecraft:cobbled_deepslate":94,"minecraft:beef":11,"minecraft:light_gray_wool":1,"minecraft:birch_sapling":3,"minecraft:oak_planks":5,"minecraft:stick":31,"minecraft:raw_iron":43,"minecraft:torch":5,"minecraft:pointed_dripstone":2,"minecraft:white_bed":4,"minecraft:redstone":18,"minecraft:spider_eye":1,"minecraft:arrow":2,"minecraft:rotten_flesh":5,"minecraft:diamond":23,"minecraft:red_tulip":1,"minecraft:gray_wool":3,"minecraft:oak_sapling":35,"minecraft:glow_berries":1,"minecraft:mutton":21,"minecraft:coal":109,"minecraft:white_wool":10,"minecraft:cobblestone":45}},"DataVersion":3465}