{"stats":{"minecraft:broken":{"minecraft:iron_shovel":4,"minecraft:iron_boots":1,"gnumus:gnumus_cutlass":1,"minecraft:golden_sword":1,"minecraft:diamond_pickaxe":1,"minecraft:wooden_axe":3,"minecraft:flint_and_steel":2,"minecraft:iron_axe":4,"minecraft:iron_helmet":1},"minecraft:killed_by":{"minecraft:creeper":1,"minecraft:player":1},"minecraft:picked_up":{"minecraft:wooden_axe":2,"minecraft:wheat":1,"minecraft:smithing_table":1,"gnumus:gnumus_claw":21,"minecraft:diamond_sword":8,"minecraft:string":8,"minecraft:raw_copper":22,"minecraft:shroomlight":2,"minecraft:diamond_leggings":2,"minecraft:cobbled_deepslate":236,"gnumus:packaged_goods":13,"minecraft:rose_bush":2,"minecraft:iron_pickaxe":1,"minecraft:melon_slice":59,"minecraft:iron_boots":1,"minecraft:stick":234,"minecraft:oak_fence":2,"minecraft:torch":240,"minecraft:porkchop":33,"minecraft:lightning_rod":4,"minecraft:cherry_log":69,"minecraft:pointed_dripstone":2,"minecraft:diorite":32,"gnumus:gnumus_helmet_helmet":1,"gnumus:grilled_juicy_meat":12,"gnumus:wrapper_with_goods":2,"gnumus:gnumus_clay_brick_slap":1,"minecraft:quartz_block":2,"gnumus:vintage_metal":1,"minecraft:rotten_flesh":18,"minecraft:red_tulip":1,"gnumus:gnumus_chickpeas":31,"minecraft:cobblestone":754,"minecraft:birch_log":295,"gnumus:gnumus_doubloons":12,"minecraft:feather":14,"minecraft:cooked_beef":14,"minecraft:cherry_planks":54,"minecraft:andesite":75,"gnumus:overripe_carrot":16,"minecraft:flint":1,"minecraft:tuff":58,"minecraft:lapis_lazuli":50,"minecraft:dirt":492,"gnumus:gnumus_pouch_2":9,"minecraft:bone":11,"minecraft:wheat_seeds":7,"minecraft:raw_gold":26,"minecraft:bell":2,"minecraft:rabbit":12,"minecraft:diamond_helmet":1,"minecraft:oak_planks":850,"gnumus:baked_gnumus_clay_stairs":1,"minecraft:cooked_porkchop":4,"minecraft:warped_wart_block":4,"minecraft:dark_oak_log":63,"minecraft:iron_hoe":1,"minecraft:diamond":38,"gnumus:vintage_parts":1,"gnumus:gnumus_clay":57,"minecraft:granite":25,"minecraft:bread":11,"minecraft:emerald":9,"minecraft:oak_sapling":185,"minecraft:netherrack":436,"minecraft:dark_oak_fence":7,"minecraft:diamond_pickaxe":2,"minecraft:charcoal":2,"minecraft:allium":1,"minecraft:azure_bluet":1,"minecraft:chicken":19,"minecraft:wooden_pickaxe":1,"minecraft:moss_carpet":3,"minecraft:iron_axe":3,"minecraft:flint_and_steel":2,"minecraft:birch_fence":15,"minecraft:cartography_table":1,"minecraft:candle":1,"minecraft:beef":30,"minecraft:spruce_slab":1,"minecraft:light_gray_wool":1,"minecraft:quartz_stairs":1,"minecraft:birch_sapling":73,"minecraft:phantom_membrane":1,"minecraft:egg":4,"minecraft:dark_oak_sapling":5,"minecraft:raw_iron":173,"gnumus:juicy_meat":6,"gnumus:gnumus_clay_brick":1,"minecraft:redstone":18,"minecraft:dark_oak_planks":1,"minecraft:arrow":6,"minecraft:diamond_chestplate":2,"minecraft:diamond_boots":1,"gnumus:gnumus_pouch_3":1,"minecraft:mutton":36,"gnumus:mouse_skin":48,"minecraft:glow_berries":4,"minecraft:white_wool":16,"minecraft:golden_carrot":11,"minecraft:leather":29,"gnumus:gnumus_pouch":5,"minecraft:birch_planks":44,"minecraft:oak_log":1063,"minecraft:gunpowder":2,"minecraft:paper":14,"minecraft:cooked_mutton":14,"minecraft:apple":20,"gnumus:gnumus_horn":1,"gnumus:baked_gnumus_clay":1,"minecraft:iron_ingot":148,"minecraft:cooked_chicken":2,"minecraft:flowering_azalea":4,"minecraft:oak_slab":2,"minecraft:pumpkin":11,"minecraft:sweet_berries":47,"minecraft:quartz":277,"minecraft:dripstone_block":3,"minecraft:gravel":23,"minecraft:birch_stairs":38,"minecraft:amethyst_shard":3,"gnumus:gnumus_cheese":3,"minecraft:white_bed":12,"minecraft:spider_eye":1,"travelersbackpack:standard":2,"minecraft:slime_ball":6,"minecraft:iron_helmet":1,"minecraft:cherry_sapling":38,"minecraft:gray_wool":3,"minecraft:black_wool":1,"minecraft:melon_seeds":4,"minecraft:coal":300,"minecraft:ender_pearl":4},"minecraft:crafted":{"minecraft:oak_planks":4068,"gnumus:grilled_juicy_meat":25,"minecraft:melon":3,"minecraft:cooked_chicken":15,"minecraft:cooked_mutton":47,"minecraft:quartz_block":50,"minecraft:glass":192,"minecraft:diamond_helmet":1,"minecraft:diamond_leggings":1,"minecraft:iron_boots":4,"minecraft:chest":12,"minecraft:cooked_rabbit":5,"minecraft:quartz_stairs":28,"minecraft:oak_slab":6,"gnumus:gnumus_cutlass":1,"minecraft:cooked_porkchop":27,"minecraft:crafting_table":9,"minecraft:wooden_pickaxe":1,"minecraft:iron_helmet":3,"minecraft:birch_planks":1140,"minecraft:iron_chestplate":2,"minecraft:diamond_pickaxe":1,"minecraft:birch_fence":69,"minecraft:stick":148,"minecraft:iron_ingot":138,"minecraft:iron_pickaxe":3,"minecraft:iron_block":3,"minecraft:gold_ingot":26,"minecraft:birch_stairs":68,"minecraft:cherry_planks":532,"minecraft:wooden_sword":1,"minecraft:furnace":5,"minecraft:flint_and_steel":1,"minecraft:glass_pane":32,"minecraft:iron_axe":8,"minecraft:iron_hoe":1,"minecraft:stone_pickaxe":1,"minecraft:diamond_boots":1,"minecraft:dark_oak_planks":84,"minecraft:glistering_melon_slice":28,"minecraft:cooked_beef":25,"minecraft:cooked_cod":4,"minecraft:diamond_sword":1,"minecraft:iron_sword":2,"minecraft:bucket":7,"minecraft:air":0,"minecraft:gold_nugget":234,"minecraft:wooden_axe":5,"minecraft:iron_shovel":4,"minecraft:iron_leggings":2,"minecraft:anvil":1,"minecraft:white_bed":4,"minecraft:torch":576,"minecraft:diamond_chestplate":1},"minecraft:mined":{"minecraft:dark_oak_planks":1,"minecraft:white_bed":12,"minecraft:cherry_log":85,"minecraft:cave_vines_plant":1,"minecraft:granite":26,"minecraft:grass_block":467,"minecraft:iron_ore":22,"minecraft:fire":7,"minecraft:pumpkin":12,"minecraft:azure_bluet":1,"minecraft:pointed_dripstone":1,"minecraft:dirt_path":5,"minecraft:deepslate_redstone_ore":1,"minecraft:quartz_block":2,"minecraft:torch":23,"minecraft:melon":10,"minecraft:glass":1,"minecraft:nether_quartz_ore":14,"minecraft:cobblestone":18,"minecraft:oak_planks":74,"minecraft:wall_torch":56,"minecraft:birch_log":303,"minecraft:smooth_stone_slab":2,"minecraft:grass":17,"minecraft:oak_log":1077,"gnumus:baked_gnumus_clay_stairs":1,"minecraft:acacia_fence":1,"minecraft:dirt":634,"minecraft:netherrack":332,"minecraft:oak_leaves":37,"minecraft:deepslate":217,"minecraft:diamond_ore":1,"minecraft:tuff":59,"minecraft:quartz_stairs":1,"minecraft:mossy_cobblestone":3,"minecraft:deepslate_diamond_ore":12,"minecraft:dark_oak_log":83,"minecraft:dark_oak_fence":6,"travelersbackpack:white_sleeping_bag":4,"minecraft:cartography_table":1,"gnumus:baked_gnumus_clay":1,"minecraft:andesite":75,"minecraft:bell":2,"minecraft:deepslate_iron_ore":42,"minecraft:shroomlight":1,"minecraft:rail":1,"minecraft:stone":784,"minecraft:smithing_table":1,"minecraft:oak_slab":2,"minecraft:birch_stairs":39,"minecraft:flowering_azalea":2,"minecraft:glass_pane":10,"minecraft:cherry_planks":20,"travelersbackpack:standard":1,"minecraft:copper_ore":1,"minecraft:lapis_ore":3,"minecraft:deepslate_gold_ore":3,"minecraft:diorite":32,"minecraft:birch_planks":39,"minecraft:sweet_berry_bush":3,"minecraft:birch_leaves":31,"minecraft:coal_ore":19,"minecraft:flower_pot":1,"minecraft:gravel":24,"minecraft:birch_fence":16},"minecraft:dropped":{"minecraft:iron_sword":1,"minecraft:cooked_beef":2,"gnumus:gnumus_helmet_helmet":1,"minecraft:diamond":1,"minecraft:cooked_porkchop":1,"minecraft:dirt":3,"gnumus:grilled_juicy_meat":1,"minecraft:birch_log":1,"minecraft:white_wool":2,"minecraft:bone":4,"minecraft:cobbled_deepslate":1,"minecraft:birch_sapling":17,"minecraft:wheat":25,"minecraft:oak_planks":3647,"minecraft:cooked_mutton":2,"gnumus:juicy_meat":1,"minecraft:beef":1,"minecraft:iron_ingot":9,"minecraft:cobblestone":1,"minecraft:coal":3,"minecraft:torch":1,"minecraft:wooden_axe":2,"minecraft:iron_axe":2,"minecraft:bucket":7,"minecraft:diamond_sword":6,"minecraft:oak_sapling":10,"minecraft:slime_ball":4,"minecraft:wooden_pickaxe":1},"minecraft:custom":{"minecraft:interact_with_crafting_table":107,"minecraft:bell_ring":2,"minecraft:leave_game":8,"minecraft:time_since_death":12525,"minecraft:sprint_one_cm":2019758,"minecraft:drop":135,"minecraft:talked_to_villager":2,"minecraft:play_time":528313,"minecraft:deaths":4,"minecraft:jump":6028,"minecraft:walk_on_water_one_cm":31962,"minecraft:interact_with_furnace":120,"minecraft:interact_with_cartography_table":2,"minecraft:sleep_in_bed":17,"minecraft:waystone_activated":1,"minecraft:damage_dealt":23743,"minecraft:player_kills":14,"minecraft:crouch_one_cm":87654,"minecraft:interact_with_smoker":46,"minecraft:horse_one_cm":1892,"minecraft:interact_with_smithing_table":3,"minecraft:mob_kills":121,"minecraft:interact_with_anvil":5,"minecraft:interact_with_campfire":9,"minecraft:walk_one_cm":1419415,"minecraft:sneak_time":22364,"minecraft:walk_under_water_one_cm":9375,"minecraft:interact_with_blast_furnace":4,"minecraft:total_world_time":528313,"minecraft:time_since_rest":12549,"minecraft:damage_taken":8278,"minecraft:swim_one_cm":18152,"minecraft:fly_one_cm":893120,"minecraft:open_chest":281,"minecraft:fall_one_cm":218217},"minecraft:killed":{"minecraft:cave_spider":1,"minecraft:spider":5,"minecraft:skeleton":7,"minecraft:chicken":13,"gnumus:gnumus_shaman":1,"minecraft:pig":16,"gnumus:big_snout":1,"minecraft:creeper":2,"minecraft:sheep":21,"minecraft:zombie":19,"minecraft:cow":16,"minecraft:phantom":2,"gnumus:gnumus_worker":5,"gnumus:gnumus_hunter":4,"gnumus:gnumus_hunter_not_dispawn":7},"minecraft:used":{"minecraft:iron_shovel":1002,"minecraft:melon":3,"minecraft:chest":12,"minecraft:iron_sword":36,"minecraft:quartz_stairs":29,"minecraft:bell":3,"minecraft:mutton":1,"minecraft:azure_bluet":1,"minecraft:glass":140,"minecraft:quartz_block":10,"minecraft:golden_sword":32,"minecraft:sweet_berries":37,"minecraft:furnace":5,"minecraft:oak_sapling":41,"minecraft:egg":2,"gnumus:grilled_juicy_meat":7,"minecraft:diorite":1,"minecraft:oak_planks":887,"minecraft:stone_pickaxe":16,"minecraft:wooden_pickaxe":38,"minecraft:glow_berries":1,"gnumus:gnumus_cutlass":12,"minecraft:lightning_rod":4,"minecraft:birch_fence":52,"minecraft:dark_oak_log":16,"minecraft:melon_slice":2,"minecraft:diamond_sword":327,"minecraft:wooden_sword":37,"minecraft:dark_oak_fence":1,"minecraft:cooked_rabbit":5,"gnumus:juicy_meat":2,"minecraft:oak_fence":2,"minecraft:flint_and_steel":128,"minecraft:cooked_chicken":15,"minecraft:netherrack":15,"minecraft:torch":342,"minecraft:dirt":261,"minecraft:anvil":1,"minecraft:shroomlight":1,"minecraft:iron_hoe":266,"minecraft:dark_oak_planks":15,"minecraft:wooden_axe":212,"minecraft:flowering_azalea":2,"minecraft:iron_axe":1789,"minecraft:golden_carrot":1,"minecraft:beef":2,"minecraft:cooked_beef":18,"minecraft:cobbled_deepslate":3,"minecraft:pumpkin":11,"minecraft:cooked_mutton":50,"minecraft:water_bucket":30,"minecraft:rabbit":7,"minecraft:birch_planks":462,"minecraft:cherry_planks":520,"minecraft:oak_slab":8,"minecraft:crafting_table":9,"minecraft:white_bed":15,"gnumus:gnumus_cheese":1,"minecraft:diamond_pickaxe":1569,"minecraft:apple":8,"minecraft:iron_pickaxe":135,"minecraft:cobblestone":48,"travelersbackpack:standard":1,"minecraft:porkchop":4,"minecraft:cooked_porkchop":20,"minecraft:bucket":30,"minecraft:glass_pane":32,"minecraft:birch_stairs":79}},"DataVersion":3465}