{"stats":{"minecraft:custom":{"minecraft:time_since_rest":15567,"minecraft:sprint_one_cm":102761,"minecraft:damage_taken":1017,"minecraft:walk_one_cm":46870,"minecraft:drop":6,"minecraft:damage_dealt":459,"minecraft:interact_with_crafting_table":4,"minecraft:fly_one_cm":150309,"minecraft:player_kills":2,"minecraft:open_chest":4,"minecraft:crouch_one_cm":143,"minecraft:play_time":20831,"minecraft:deaths":2,"minecraft:sneak_time":14,"minecraft:jump":696,"minecraft:leave_game":2,"minecraft:walk_on_water_one_cm":244,"minecraft:time_since_death":15542,"minecraft:total_world_time":20831,"minecraft:fall_one_cm":29140},"minecraft:dropped":{"minecraft:dirt":1,"minecraft:wheat_seeds":4,"minecraft:andesite":1,"minecraft:granite":8,"minecraft:wooden_pickaxe":1},"minecraft:killed_by":{"minecraft:player":2},"minecraft:crafted":{"minecraft:crafting_table":3,"minecraft:stick":12,"minecraft:wooden_pickaxe":1,"minecraft:stone_pickaxe":1,"minecraft:acacia_planks":40,"minecraft:bread":96,"minecraft:wheat":288},"minecraft:mined":{"minecraft:hay_block":32,"minecraft:lime_bed":2,"minecraft:cactus":1,"minecraft:acacia_leaves":2,"minecraft:andesite":5,"minecraft:granite":8,"minecraft:grass":13,"minecraft:acacia_log":11,"minecraft:grass_block":1,"minecraft:coal_ore":2,"minecraft:tall_grass":2,"minecraft:copper_ore":3,"minecraft:stone":14,"minecraft:sugar_cane":1,"minecraft:oak_leaves":1,"minecraft:green_bed":2},"minecraft:picked_up":{"minecraft:stick":2,"minecraft:lime_bed":2,"minecraft:andesite":5,"minecraft:acacia_log":14,"minecraft:green_bed":4,"minecraft:dirt":1,"minecraft:raw_copper":12,"minecraft:cactus":3,"minecraft:wheat_seeds":12,"minecraft:hay_block":34,"minecraft:granite":8,"minecraft:bread":14,"minecraft:coal":2,"minecraft:cobblestone":14},"minecraft:used":{"minecraft:bread":10,"minecraft:stone_pickaxe":64,"minecraft:wooden_pickaxe":3,"minecraft:green_bed":1,"minecraft:crafting_table":2,"minecraft:andesite":4}},"DataVersion":3463}