{"stats":{"minecraft:broken":{"minecraft:golden_sword":1,"minecraft:iron_axe":1,"minecraft:wooden_axe":3},"minecraft:custom":{"minecraft:interact_with_furnace":37,"minecraft:mob_kills":60,"minecraft:interact_with_crafting_table":39,"minecraft:leave_game":1,"minecraft:time_since_death":129060,"minecraft:sleep_in_bed":9,"minecraft:time_since_rest":10635,"minecraft:sprint_one_cm":410976,"minecraft:damage_taken":2454,"minecraft:walk_one_cm":341173,"minecraft:drop":32,"minecraft:damage_dealt":8317,"minecraft:player_kills":2,"minecraft:swim_one_cm":4518,"minecraft:fly_one_cm":322220,"minecraft:open_chest":24,"minecraft:crouch_one_cm":38353,"minecraft:play_time":129060,"minecraft:sneak_time":9519,"minecraft:walk_under_water_one_cm":4495,"minecraft:jump":2266,"minecraft:walk_on_water_one_cm":23402,"minecraft:total_world_time":129060,"minecraft:interact_with_smoker":10,"minecraft:fall_one_cm":71541},"minecraft:mined":{"minecraft:diamond_ore":1,"minecraft:deepslate_redstone_ore":1,"minecraft:tuff":1,"minecraft:white_bed":6,"minecraft:mossy_cobblestone":3,"minecraft:deepslate_diamond_ore":8,"minecraft:dark_oak_log":1,"minecraft:torch":4,"minecraft:cave_vines_plant":1,"minecraft:grass_block":43,"travelersbackpack:white_sleeping_bag":4,"minecraft:lapis_ore":2,"minecraft:oak_planks":33,"minecraft:wall_torch":9,"minecraft:birch_planks":5,"minecraft:birch_log":19,"minecraft:iron_ore":12,"minecraft:birch_leaves":3,"minecraft:azure_bluet":1,"minecraft:grass":3,"minecraft:oak_log":397,"minecraft:pointed_dripstone":1,"minecraft:coal_ore":10,"minecraft:deepslate_iron_ore":5,"minecraft:rail":1,"minecraft:stone":41,"minecraft:oak_leaves":6,"minecraft:deepslate":94},"minecraft:crafted":{"minecraft:wooden_sword":1,"minecraft:oak_planks":1408,"minecraft:diamond_sword":1,"minecraft:cooked_porkchop":15,"minecraft:crafting_table":6,"minecraft:cooked_chicken":6,"minecraft:wooden_pickaxe":1,"minecraft:iron_helmet":1,"minecraft:iron_sword":1,"minecraft:furnace":4,"minecraft:birch_planks":40,"minecraft:cooked_mutton":40,"minecraft:air":0,"minecraft:diamond_leggings":1,"minecraft:iron_boots":2,"minecraft:iron_chestplate":1,"minecraft:diamond_pickaxe":1,"minecraft:iron_axe":2,"minecraft:stick":56,"minecraft:iron_ingot":39,"minecraft:iron_pickaxe":1,"minecraft:stone_pickaxe":1,"minecraft:wooden_axe":5,"minecraft:chest":5,"minecraft:iron_leggings":1,"minecraft:white_bed":1,"minecraft:torch":200,"minecraft:diamond_chestplate":1},"minecraft:used":{"minecraft:cooked_mutton":36,"minecraft:birch_planks":23,"minecraft:stone_pickaxe":16,"minecraft:oak_planks":780,"minecraft:chest":5,"minecraft:wooden_pickaxe":38,"minecraft:iron_sword":36,"minecraft:torch":144,"minecraft:glow_berries":1,"minecraft:crafting_table":6,"minecraft:white_bed":6,"minecraft:azure_bluet":1,"minecraft:wooden_axe":212,"minecraft:diamond_pickaxe":7,"minecraft:iron_axe":291,"minecraft:iron_pickaxe":132,"minecraft:cobblestone":4,"minecraft:diamond_sword":65,"minecraft:wooden_sword":37,"minecraft:golden_sword":32,"minecraft:beef":2,"minecraft:oak_sapling":41,"minecraft:furnace":4,"minecraft:cooked_porkchop":4,"minecraft:cobbled_deepslate":3},"minecraft:dropped":{"minecraft:iron_sword":1,"minecraft:cobbled_deepslate":1,"minecraft:diamond":1,"minecraft:cooked_porkchop":1,"minecraft:oak_planks":1152,"minecraft:cooked_mutton":1,"minecraft:diamond_sword":1,"minecraft:wooden_axe":2,"minecraft:oak_sapling":10,"minecraft:iron_axe":1,"minecraft:wooden_pickaxe":1,"minecraft:birch_log":1,"minecraft:bone":4},"minecraft:killed":{"minecraft:cave_spider":1,"minecraft:pig":7,"minecraft:spider":4,"minecraft:creeper":1,"minecraft:skeleton":2,"minecraft:sheep":14,"minecraft:zombie":12,"minecraft:chicken":10,"gnumus:gnumus_hunter":1,"minecraft:cow":7},"minecraft:picked_up":{"minecraft:wooden_axe":2,"minecraft:birch_log":17,"minecraft:azure_bluet":1,"minecraft:allium":1,"minecraft:feather":6,"minecraft:chicken":10,"minecraft:diamond_sword":1,"minecraft:leather":12,"gnumus:gnumus_claw":1,"minecraft:wooden_pickaxe":1,"minecraft:birch_planks":13,"minecraft:tuff":1,"minecraft:oak_log":352,"minecraft:gunpowder":2,"minecraft:dirt":22,"minecraft:lapis_lazuli":10,"minecraft:string":6,"minecraft:iron_axe":1,"gnumus:gnumus_pouch_2":1,"minecraft:cooked_mutton":1,"minecraft:bone":4,"minecraft:apple":8,"minecraft:wheat_seeds":3,"minecraft:cobbled_deepslate":113,"minecraft:beef":11,"minecraft:light_gray_wool":1,"minecraft:birch_sapling":11,"minecraft:oak_planks":677,"minecraft:egg":2,"minecraft:dark_oak_sapling":2,"minecraft:stick":63,"minecraft:raw_iron":43,"minecraft:cooked_porkchop":1,"minecraft:torch":9,"minecraft:porkchop":15,"minecraft:pointed_dripstone":2,"minecraft:white_bed":7,"minecraft:redstone":18,"minecraft:spider_eye":1,"minecraft:arrow":4,"minecraft:rotten_flesh":9,"minecraft:diamond":23,"minecraft:red_tulip":1,"minecraft:gray_wool":3,"minecraft:oak_sapling":76,"minecraft:glow_berries":1,"minecraft:mutton":21,"minecraft:coal":109,"minecraft:white_wool":10,"minecraft:cobblestone":62}},"DataVersion":3465}