{"stats":{"minecraft:broken":{"minecraft:golden_sword":1,"minecraft:wooden_axe":3},"minecraft:custom":{"minecraft:interact_with_furnace":24,"minecraft:mob_kills":37,"minecraft:interact_with_crafting_table":26,"minecraft:leave_game":1,"minecraft:time_since_death":52753,"minecraft:sleep_in_bed":4,"minecraft:time_since_rest":9323,"minecraft:sprint_one_cm":177218,"minecraft:damage_taken":1125,"minecraft:walk_one_cm":140108,"minecraft:drop":7,"minecraft:damage_dealt":4842,"minecraft:swim_one_cm":4518,"minecraft:fly_one_cm":152426,"minecraft:player_kills":2,"minecraft:open_chest":5,"minecraft:crouch_one_cm":5078,"minecraft:play_time":52753,"minecraft:sneak_time":1578,"minecraft:walk_under_water_one_cm":2201,"minecraft:jump":1083,"minecraft:walk_on_water_one_cm":18858,"minecraft:interact_with_smoker":1,"minecraft:total_world_time":52753,"minecraft:fall_one_cm":32216},"minecraft:mined":{"minecraft:deepslate_redstone_ore":1,"minecraft:tuff":1,"minecraft:white_bed":3,"minecraft:deepslate_diamond_ore":4,"minecraft:torch":1,"minecraft:lapis_ore":2,"minecraft:oak_planks":1,"minecraft:wall_torch":1,"minecraft:iron_ore":10,"minecraft:azure_bluet":1,"minecraft:grass":1,"minecraft:pointed_dripstone":1,"minecraft:oak_log":194,"minecraft:coal_ore":9,"minecraft:deepslate_iron_ore":5,"minecraft:rail":1,"minecraft:stone":41,"minecraft:deepslate":1,"minecraft:oak_leaves":1},"minecraft:crafted":{"minecraft:wooden_sword":1,"minecraft:oak_planks":704,"minecraft:diamond_sword":1,"minecraft:crafting_table":5,"minecraft:wooden_pickaxe":1,"minecraft:iron_sword":1,"minecraft:furnace":4,"minecraft:cooked_mutton":21,"minecraft:air":0,"minecraft:iron_boots":1,"minecraft:iron_chestplate":1,"minecraft:stick":40,"minecraft:iron_pickaxe":1,"minecraft:iron_ingot":16,"minecraft:stone_pickaxe":1,"minecraft:wooden_axe":5,"minecraft:chest":4,"minecraft:white_bed":1,"minecraft:torch":200},"minecraft:used":{"minecraft:cooked_mutton":17,"minecraft:stone_pickaxe":16,"minecraft:oak_planks":97,"minecraft:chest":4,"minecraft:wooden_pickaxe":38,"minecraft:iron_sword":36,"minecraft:torch":115,"minecraft:crafting_table":5,"minecraft:white_bed":3,"minecraft:azure_bluet":1,"minecraft:wooden_axe":212,"minecraft:iron_pickaxe":26,"minecraft:golden_sword":32,"minecraft:wooden_sword":37,"minecraft:beef":2,"minecraft:furnace":4},"minecraft:dropped":{"minecraft:iron_sword":1,"minecraft:diamond":1,"minecraft:wooden_axe":1,"minecraft:oak_sapling":10,"minecraft:wooden_pickaxe":1,"minecraft:bone":4},"minecraft:killed":{"minecraft:cave_spider":1,"minecraft:spider":2,"minecraft:skeleton":2,"minecraft:sheep":14,"minecraft:zombie":7,"minecraft:chicken":4,"minecraft:cow":7},"minecraft:picked_up":{"minecraft:wooden_axe":1,"minecraft:birch_log":1,"minecraft:allium":1,"minecraft:feather":2,"minecraft:azure_bluet":1,"minecraft:chicken":4,"minecraft:leather":10,"minecraft:wooden_pickaxe":1,"minecraft:tuff":1,"minecraft:oak_log":176,"minecraft:lapis_lazuli":10,"minecraft:string":5,"minecraft:bone":4,"minecraft:apple":3,"minecraft:wheat_seeds":2,"minecraft:cobbled_deepslate":1,"minecraft:beef":11,"minecraft:light_gray_wool":1,"minecraft:oak_planks":1,"minecraft:birch_sapling":3,"minecraft:stick":30,"minecraft:raw_iron":41,"minecraft:torch":3,"minecraft:pointed_dripstone":2,"minecraft:white_bed":3,"minecraft:redstone":18,"minecraft:spider_eye":1,"minecraft:arrow":2,"minecraft:rotten_flesh":5,"minecraft:diamond":5,"minecraft:red_tulip":1,"minecraft:gray_wool":3,"minecraft:oak_sapling":35,"minecraft:mutton":21,"minecraft:coal":108,"minecraft:white_wool":10,"minecraft:cobblestone":45}},"DataVersion":3465}