{"stats":{"minecraft:broken":{"minecraft:wooden_axe":3},"minecraft:custom":{"minecraft:time_since_rest":9378,"minecraft:interact_with_furnace":5,"minecraft:sprint_one_cm":68947,"minecraft:damage_taken":320,"minecraft:walk_one_cm":67068,"minecraft:mob_kills":10,"minecraft:drop":3,"minecraft:damage_dealt":1389,"minecraft:swim_one_cm":424,"minecraft:interact_with_crafting_table":9,"minecraft:fly_one_cm":55401,"minecraft:player_kills":2,"minecraft:open_chest":1,"minecraft:crouch_one_cm":2457,"minecraft:play_time":23181,"minecraft:sneak_time":773,"minecraft:walk_under_water_one_cm":60,"minecraft:jump":477,"minecraft:time_since_death":23181,"minecraft:walk_on_water_one_cm":2577,"minecraft:sleep_in_bed":2,"minecraft:total_world_time":23181,"minecraft:fall_one_cm":16712},"minecraft:mined":{"minecraft:white_bed":1,"minecraft:torch":1,"minecraft:azure_bluet":1,"minecraft:grass":1,"minecraft:coal_ore":8,"minecraft:oak_log":194,"minecraft:stone":37,"minecraft:oak_leaves":1},"minecraft:crafted":{"minecraft:wooden_sword":1,"minecraft:oak_planks":704,"minecraft:crafting_table":3,"minecraft:stick":4,"minecraft:wooden_pickaxe":1,"minecraft:stone_pickaxe":1,"minecraft:wooden_axe":5,"minecraft:furnace":1,"minecraft:white_bed":1,"minecraft:torch":76,"minecraft:air":0,"minecraft:cooked_mutton":12},"minecraft:used":{"minecraft:cooked_mutton":7,"minecraft:wooden_axe":211,"minecraft:stone_pickaxe":10,"minecraft:oak_planks":23,"minecraft:wooden_pickaxe":38,"minecraft:torch":13,"minecraft:wooden_sword":37,"minecraft:crafting_table":3,"minecraft:furnace":1,"minecraft:white_bed":1,"minecraft:azure_bluet":1},"minecraft:dropped":{"minecraft:wooden_axe":1,"minecraft:oak_sapling":10,"minecraft:wooden_pickaxe":1},"minecraft:killed":{"minecraft:sheep":10},"minecraft:picked_up":{"minecraft:wooden_axe":1,"minecraft:birch_log":1,"minecraft:stick":30,"minecraft:allium":1,"minecraft:azure_bluet":1,"minecraft:torch":1,"minecraft:wooden_pickaxe":1,"minecraft:oak_log":176,"minecraft:white_bed":1,"minecraft:apple":3,"minecraft:wheat_seeds":2,"minecraft:red_tulip":1,"minecraft:gray_wool":1,"minecraft:coal":106,"minecraft:oak_sapling":35,"minecraft:birch_sapling":3,"minecraft:mutton":16,"minecraft:white_wool":9,"minecraft:cobblestone":41}},"DataVersion":3465}