{"stats":{"minecraft:broken":{"minecraft:golden_sword":1,"minecraft:wooden_axe":3},"minecraft:custom":{"minecraft:interact_with_furnace":30,"minecraft:mob_kills":53,"minecraft:interact_with_crafting_table":35,"minecraft:leave_game":1,"minecraft:time_since_death":93060,"minecraft:sleep_in_bed":8,"minecraft:time_since_rest":20885,"minecraft:sprint_one_cm":263617,"minecraft:damage_taken":1884,"minecraft:walk_one_cm":235783,"minecraft:drop":11,"minecraft:damage_dealt":6747,"minecraft:player_kills":2,"minecraft:swim_one_cm":4518,"minecraft:fly_one_cm":213986,"minecraft:open_chest":18,"minecraft:crouch_one_cm":26336,"minecraft:play_time":93060,"minecraft:sneak_time":6742,"minecraft:walk_under_water_one_cm":4314,"minecraft:jump":1632,"minecraft:walk_on_water_one_cm":23221,"minecraft:total_world_time":93060,"minecraft:interact_with_smoker":5,"minecraft:fall_one_cm":52255},"minecraft:mined":{"minecraft:diamond_ore":1,"minecraft:deepslate_redstone_ore":1,"minecraft:tuff":1,"minecraft:white_bed":4,"minecraft:mossy_cobblestone":3,"minecraft:deepslate_diamond_ore":8,"minecraft:dark_oak_log":1,"minecraft:torch":1,"minecraft:cave_vines_plant":1,"minecraft:grass_block":39,"travelersbackpack:white_sleeping_bag":4,"minecraft:lapis_ore":2,"minecraft:oak_planks":16,"minecraft:wall_torch":6,"minecraft:birch_log":14,"minecraft:iron_ore":12,"minecraft:birch_leaves":2,"minecraft:azure_bluet":1,"minecraft:grass":3,"minecraft:oak_log":194,"minecraft:pointed_dripstone":1,"minecraft:coal_ore":10,"minecraft:deepslate_iron_ore":5,"minecraft:rail":1,"minecraft:stone":41,"minecraft:oak_leaves":1,"minecraft:deepslate":94},"minecraft:crafted":{"minecraft:wooden_sword":1,"minecraft:oak_planks":704,"minecraft:diamond_sword":1,"minecraft:crafting_table":5,"minecraft:wooden_pickaxe":1,"minecraft:iron_helmet":1,"minecraft:iron_sword":1,"minecraft:furnace":4,"minecraft:cooked_mutton":40,"minecraft:air":0,"minecraft:diamond_leggings":1,"minecraft:iron_boots":2,"minecraft:iron_chestplate":1,"minecraft:diamond_pickaxe":1,"minecraft:iron_axe":1,"minecraft:stick":56,"minecraft:iron_ingot":22,"minecraft:iron_pickaxe":1,"minecraft:stone_pickaxe":1,"minecraft:wooden_axe":5,"minecraft:chest":4,"minecraft:iron_leggings":1,"minecraft:white_bed":1,"minecraft:torch":200,"minecraft:diamond_chestplate":1},"minecraft:used":{"minecraft:cooked_mutton":31,"minecraft:stone_pickaxe":16,"minecraft:oak_planks":559,"minecraft:chest":4,"minecraft:wooden_pickaxe":38,"minecraft:iron_sword":36,"minecraft:torch":132,"minecraft:glow_berries":1,"minecraft:crafting_table":5,"minecraft:white_bed":5,"minecraft:azure_bluet":1,"minecraft:wooden_axe":212,"minecraft:diamond_pickaxe":7,"minecraft:iron_axe":34,"minecraft:iron_pickaxe":132,"minecraft:diamond_sword":37,"minecraft:wooden_sword":37,"minecraft:golden_sword":32,"minecraft:beef":2,"minecraft:furnace":4,"minecraft:cobbled_deepslate":3},"minecraft:dropped":{"minecraft:iron_sword":1,"minecraft:cobbled_deepslate":1,"minecraft:diamond":1,"minecraft:diamond_sword":1,"minecraft:wooden_axe":2,"minecraft:oak_sapling":10,"minecraft:iron_axe":1,"minecraft:wooden_pickaxe":1,"minecraft:bone":4},"minecraft:killed":{"minecraft:cave_spider":1,"minecraft:pig":7,"minecraft:spider":2,"minecraft:creeper":1,"minecraft:skeleton":2,"minecraft:sheep":14,"minecraft:zombie":9,"minecraft:chicken":8,"gnumus:gnumus_hunter":1,"minecraft:cow":7},"minecraft:picked_up":{"minecraft:wooden_axe":2,"minecraft:birch_log":12,"minecraft:azure_bluet":1,"minecraft:allium":1,"minecraft:feather":4,"minecraft:chicken":8,"minecraft:diamond_sword":1,"minecraft:leather":12,"gnumus:gnumus_claw":1,"minecraft:wooden_pickaxe":1,"minecraft:tuff":1,"minecraft:oak_log":176,"minecraft:gunpowder":2,"minecraft:dirt":18,"minecraft:lapis_lazuli":10,"minecraft:string":5,"minecraft:iron_axe":1,"gnumus:gnumus_pouch_2":1,"minecraft:bone":4,"minecraft:apple":3,"minecraft:wheat_seeds":3,"minecraft:cobbled_deepslate":113,"minecraft:beef":11,"minecraft:light_gray_wool":1,"minecraft:birch_sapling":9,"minecraft:oak_planks":19,"minecraft:egg":2,"minecraft:dark_oak_sapling":2,"minecraft:stick":32,"minecraft:raw_iron":43,"minecraft:torch":5,"minecraft:porkchop":15,"minecraft:pointed_dripstone":2,"minecraft:white_bed":5,"minecraft:redstone":18,"minecraft:spider_eye":1,"minecraft:arrow":4,"minecraft:rotten_flesh":5,"minecraft:diamond":23,"minecraft:red_tulip":1,"minecraft:gray_wool":3,"minecraft:oak_sapling":35,"minecraft:glow_berries":1,"minecraft:mutton":21,"minecraft:coal":109,"minecraft:white_wool":10,"minecraft:cobblestone":45}},"DataVersion":3465}