{"stats":{"minecraft:broken":{"minecraft:iron_shovel":4,"minecraft:iron_boots":1,"gnumus:gnumus_cutlass":1,"minecraft:golden_sword":1,"minecraft:wooden_axe":3,"minecraft:flint_and_steel":2,"minecraft:iron_axe":4,"minecraft:iron_helmet":1},"minecraft:killed_by":{"minecraft:player":1},"minecraft:picked_up":{"minecraft:wooden_axe":2,"minecraft:wheat":1,"gnumus:gnumus_claw":21,"minecraft:smithing_table":1,"minecraft:diamond_sword":7,"minecraft:string":8,"minecraft:raw_copper":22,"minecraft:diamond_leggings":1,"minecraft:cobbled_deepslate":236,"gnumus:packaged_goods":13,"minecraft:rose_bush":2,"minecraft:iron_pickaxe":1,"minecraft:melon_slice":59,"minecraft:iron_boots":1,"minecraft:stick":226,"minecraft:oak_fence":2,"minecraft:torch":86,"minecraft:porkchop":31,"minecraft:lightning_rod":4,"minecraft:cherry_log":69,"minecraft:pointed_dripstone":2,"minecraft:diorite":32,"gnumus:gnumus_helmet_helmet":1,"gnumus:grilled_juicy_meat":4,"gnumus:wrapper_with_goods":2,"gnumus:gnumus_clay_brick_slap":1,"gnumus:vintage_metal":1,"minecraft:rotten_flesh":18,"minecraft:red_tulip":1,"gnumus:gnumus_chickpeas":25,"minecraft:cobblestone":717,"minecraft:birch_log":295,"gnumus:gnumus_doubloons":12,"minecraft:feather":14,"minecraft:cooked_beef":2,"minecraft:cherry_planks":21,"minecraft:andesite":75,"gnumus:overripe_carrot":16,"minecraft:flint":1,"minecraft:tuff":58,"minecraft:lapis_lazuli":50,"minecraft:dirt":491,"gnumus:gnumus_pouch_2":9,"minecraft:bone":9,"minecraft:wheat_seeds":7,"minecraft:raw_gold":26,"minecraft:bell":2,"minecraft:rabbit":12,"minecraft:oak_planks":794,"gnumus:baked_gnumus_clay_stairs":1,"minecraft:cooked_porkchop":1,"minecraft:dark_oak_log":63,"minecraft:diamond":38,"gnumus:vintage_parts":1,"gnumus:gnumus_clay":57,"minecraft:granite":25,"minecraft:bread":7,"minecraft:emerald":9,"minecraft:oak_sapling":182,"minecraft:netherrack":106,"minecraft:dark_oak_fence":5,"minecraft:diamond_pickaxe":1,"minecraft:charcoal":2,"minecraft:allium":1,"minecraft:azure_bluet":1,"minecraft:chicken":19,"minecraft:wooden_pickaxe":1,"minecraft:moss_carpet":3,"minecraft:iron_axe":2,"minecraft:flint_and_steel":1,"minecraft:birch_fence":15,"minecraft:cartography_table":1,"minecraft:candle":1,"minecraft:beef":30,"minecraft:spruce_slab":1,"minecraft:light_gray_wool":1,"minecraft:birch_sapling":73,"minecraft:phantom_membrane":1,"minecraft:egg":3,"minecraft:dark_oak_sapling":5,"minecraft:raw_iron":173,"gnumus:juicy_meat":6,"gnumus:gnumus_clay_brick":1,"minecraft:redstone":18,"minecraft:dark_oak_planks":1,"minecraft:arrow":5,"minecraft:diamond_chestplate":1,"gnumus:gnumus_pouch_3":1,"minecraft:mutton":36,"gnumus:mouse_skin":48,"minecraft:glow_berries":4,"minecraft:white_wool":16,"minecraft:golden_carrot":6,"minecraft:leather":29,"gnumus:gnumus_pouch":5,"minecraft:birch_planks":43,"minecraft:oak_log":1063,"minecraft:gunpowder":2,"minecraft:paper":14,"minecraft:cooked_mutton":9,"minecraft:apple":20,"gnumus:gnumus_horn":1,"gnumus:baked_gnumus_clay":1,"minecraft:iron_ingot":117,"minecraft:cooked_chicken":2,"minecraft:flowering_azalea":2,"minecraft:oak_slab":2,"minecraft:pumpkin":11,"minecraft:sweet_berries":47,"minecraft:quartz":77,"minecraft:dripstone_block":3,"minecraft:gravel":23,"minecraft:birch_stairs":15,"minecraft:amethyst_shard":3,"gnumus:gnumus_cheese":3,"minecraft:white_bed":12,"minecraft:spider_eye":1,"travelersbackpack:standard":1,"minecraft:slime_ball":5,"minecraft:iron_helmet":1,"minecraft:cherry_sapling":19,"minecraft:gray_wool":3,"minecraft:black_wool":1,"minecraft:melon_seeds":4,"minecraft:coal":300,"minecraft:ender_pearl":4},"minecraft:crafted":{"minecraft:oak_planks":3924,"gnumus:grilled_juicy_meat":25,"minecraft:melon":3,"minecraft:cooked_chicken":15,"minecraft:cooked_mutton":47,"minecraft:glass":192,"minecraft:diamond_helmet":1,"minecraft:diamond_leggings":1,"minecraft:iron_boots":3,"minecraft:chest":8,"minecraft:cooked_rabbit":5,"minecraft:oak_slab":6,"gnumus:gnumus_cutlass":1,"minecraft:cooked_porkchop":27,"minecraft:crafting_table":9,"minecraft:wooden_pickaxe":1,"minecraft:iron_helmet":2,"minecraft:birch_planks":1140,"minecraft:iron_chestplate":1,"minecraft:diamond_pickaxe":1,"minecraft:birch_fence":69,"minecraft:stick":108,"minecraft:iron_ingot":138,"minecraft:iron_pickaxe":1,"minecraft:iron_block":3,"minecraft:gold_ingot":26,"minecraft:birch_stairs":68,"minecraft:cherry_planks":532,"minecraft:wooden_sword":1,"minecraft:furnace":5,"minecraft:flint_and_steel":1,"minecraft:glass_pane":32,"minecraft:iron_axe":8,"minecraft:iron_hoe":1,"minecraft:stone_pickaxe":1,"minecraft:diamond_boots":1,"minecraft:dark_oak_planks":84,"minecraft:glistering_melon_slice":28,"minecraft:cooked_beef":25,"minecraft:diamond_sword":1,"minecraft:iron_sword":1,"minecraft:bucket":7,"minecraft:air":0,"minecraft:gold_nugget":234,"minecraft:wooden_axe":5,"minecraft:iron_shovel":4,"minecraft:iron_leggings":1,"minecraft:anvil":1,"minecraft:white_bed":4,"minecraft:torch":456,"minecraft:diamond_chestplate":1},"minecraft:mined":{"minecraft:dark_oak_planks":1,"minecraft:white_bed":12,"minecraft:cherry_log":85,"minecraft:cave_vines_plant":1,"minecraft:granite":26,"minecraft:grass_block":465,"minecraft:iron_ore":22,"minecraft:fire":7,"minecraft:pumpkin":12,"minecraft:azure_bluet":1,"minecraft:pointed_dripstone":1,"minecraft:dirt_path":5,"minecraft:deepslate_redstone_ore":1,"minecraft:torch":23,"minecraft:melon":10,"minecraft:glass":1,"minecraft:nether_quartz_ore":7,"minecraft:cobblestone":18,"minecraft:oak_planks":68,"minecraft:wall_torch":56,"minecraft:birch_log":303,"minecraft:smooth_stone_slab":2,"minecraft:grass":17,"minecraft:oak_log":1077,"gnumus:baked_gnumus_clay_stairs":1,"minecraft:acacia_fence":1,"minecraft:dirt":634,"minecraft:netherrack":106,"minecraft:oak_leaves":36,"minecraft:deepslate":217,"minecraft:diamond_ore":1,"minecraft:tuff":59,"minecraft:mossy_cobblestone":3,"minecraft:deepslate_diamond_ore":12,"minecraft:dark_oak_log":83,"minecraft:dark_oak_fence":6,"travelersbackpack:white_sleeping_bag":4,"minecraft:cartography_table":1,"gnumus:baked_gnumus_clay":1,"minecraft:andesite":75,"minecraft:bell":2,"minecraft:deepslate_iron_ore":42,"minecraft:rail":1,"minecraft:stone":784,"minecraft:smithing_table":1,"minecraft:oak_slab":2,"minecraft:birch_stairs":15,"minecraft:flowering_azalea":1,"minecraft:glass_pane":10,"minecraft:cherry_planks":20,"minecraft:copper_ore":1,"minecraft:lapis_ore":3,"minecraft:deepslate_gold_ore":3,"minecraft:diorite":32,"minecraft:birch_planks":39,"minecraft:sweet_berry_bush":3,"minecraft:birch_leaves":30,"minecraft:coal_ore":19,"minecraft:flower_pot":1,"minecraft:gravel":24,"minecraft:birch_fence":16},"minecraft:dropped":{"minecraft:iron_sword":1,"minecraft:cooked_beef":2,"gnumus:gnumus_helmet_helmet":1,"minecraft:diamond":1,"minecraft:cooked_porkchop":1,"minecraft:dirt":3,"gnumus:grilled_juicy_meat":1,"minecraft:birch_log":1,"minecraft:white_wool":2,"minecraft:bone":4,"minecraft:cobbled_deepslate":1,"minecraft:birch_sapling":17,"minecraft:wheat":25,"minecraft:oak_planks":3647,"minecraft:cooked_mutton":1,"gnumus:juicy_meat":1,"minecraft:beef":1,"minecraft:iron_ingot":9,"minecraft:cobblestone":1,"minecraft:coal":3,"minecraft:torch":1,"minecraft:wooden_axe":2,"minecraft:iron_axe":2,"minecraft:diamond_sword":6,"minecraft:oak_sapling":10,"minecraft:slime_ball":4,"minecraft:wooden_pickaxe":1},"minecraft:custom":{"minecraft:interact_with_crafting_table":90,"minecraft:bell_ring":2,"minecraft:leave_game":6,"minecraft:time_since_death":318825,"minecraft:sprint_one_cm":1744275,"minecraft:drop":127,"minecraft:talked_to_villager":2,"minecraft:play_time":464295,"minecraft:deaths":1,"minecraft:jump":5496,"minecraft:walk_on_water_one_cm":30690,"minecraft:interact_with_furnace":115,"minecraft:sleep_in_bed":17,"minecraft:waystone_activated":1,"minecraft:damage_dealt":22248,"minecraft:player_kills":14,"minecraft:crouch_one_cm":84866,"minecraft:interact_with_smoker":44,"minecraft:horse_one_cm":1892,"minecraft:interact_with_smithing_table":3,"minecraft:mob_kills":117,"minecraft:interact_with_anvil":5,"minecraft:interact_with_campfire":9,"minecraft:walk_one_cm":1308997,"minecraft:sneak_time":21344,"minecraft:walk_under_water_one_cm":9141,"minecraft:interact_with_blast_furnace":4,"minecraft:total_world_time":464295,"minecraft:time_since_rest":5470,"minecraft:damage_taken":7309,"minecraft:swim_one_cm":17545,"minecraft:fly_one_cm":809541,"minecraft:open_chest":182,"minecraft:fall_one_cm":198458},"minecraft:killed":{"minecraft:cave_spider":1,"minecraft:spider":5,"minecraft:skeleton":5,"minecraft:chicken":13,"gnumus:gnumus_shaman":1,"minecraft:pig":15,"gnumus:big_snout":1,"minecraft:creeper":1,"minecraft:sheep":21,"minecraft:zombie":19,"minecraft:cow":16,"minecraft:phantom":2,"gnumus:gnumus_worker":5,"gnumus:gnumus_hunter":4,"gnumus:gnumus_hunter_not_dispawn":7},"minecraft:used":{"minecraft:iron_shovel":1002,"minecraft:melon":3,"minecraft:chest":8,"minecraft:iron_sword":36,"minecraft:bell":3,"minecraft:mutton":1,"minecraft:azure_bluet":1,"minecraft:glass":140,"minecraft:golden_sword":32,"minecraft:sweet_berries":37,"minecraft:furnace":5,"minecraft:oak_sapling":41,"minecraft:egg":1,"gnumus:grilled_juicy_meat":7,"minecraft:diorite":1,"minecraft:stone_pickaxe":16,"minecraft:oak_planks":887,"minecraft:wooden_pickaxe":38,"minecraft:glow_berries":1,"gnumus:gnumus_cutlass":12,"minecraft:lightning_rod":4,"minecraft:birch_fence":52,"minecraft:dark_oak_log":16,"minecraft:melon_slice":2,"minecraft:diamond_sword":304,"minecraft:wooden_sword":37,"minecraft:dark_oak_fence":1,"minecraft:cooked_rabbit":5,"gnumus:juicy_meat":2,"minecraft:oak_fence":2,"minecraft:flint_and_steel":128,"minecraft:cooked_chicken":15,"minecraft:torch":329,"minecraft:dirt":261,"minecraft:anvil":1,"minecraft:iron_hoe":266,"minecraft:wooden_axe":212,"minecraft:dark_oak_planks":15,"minecraft:flowering_azalea":1,"minecraft:iron_axe":1756,"minecraft:golden_carrot":1,"minecraft:beef":2,"minecraft:cooked_beef":13,"minecraft:cobbled_deepslate":3,"minecraft:pumpkin":11,"minecraft:cooked_mutton":47,"minecraft:water_bucket":30,"minecraft:rabbit":7,"minecraft:birch_planks":462,"minecraft:cherry_planks":520,"minecraft:oak_slab":8,"minecraft:crafting_table":9,"minecraft:white_bed":15,"gnumus:gnumus_cheese":1,"minecraft:diamond_pickaxe":1335,"minecraft:apple":8,"minecraft:iron_pickaxe":132,"minecraft:cobblestone":48,"travelersbackpack:standard":1,"minecraft:cooked_porkchop":19,"minecraft:porkchop":4,"minecraft:bucket":30,"minecraft:glass_pane":32,"minecraft:birch_stairs":79}},"DataVersion":3465}