{"stats":{"minecraft:broken":{"minecraft:iron_axe":2,"minecraft:wooden_sword":1,"minecraft:stone_axe":1,"minecraft:iron_sword":1,"minecraft:iron_pickaxe":1,"minecraft:wooden_axe":3,"minecraft:iron_hoe":1},"minecraft:killed_by":{"minecraft:player":2},"minecraft:picked_up":{"minecraft:wooden_axe":1,"minecraft:crafting_table":2,"minecraft:iron_chestplate":1,"minecraft:clay_ball":4,"minecraft:anvil":2,"gnumus:gnumus_claw":7,"minecraft:wooden_pickaxe":1,"minecraft:oak_stairs":35,"minecraft:amethyst_block":5,"minecraft:string":91,"minecraft:raw_copper":1,"minecraft:iron_axe":5,"minecraft:wooden_sword":1,"minecraft:flint_and_steel":1,"minecraft:cobbled_deepslate":34,"minecraft:beef":13,"minecraft:azalea":13,"minecraft:light_gray_wool":1,"minecraft:chest":1,"minecraft:birch_sapling":9,"minecraft:egg":1,"minecraft:furnace":4,"minecraft:dark_oak_sapling":18,"minecraft:stick":79,"minecraft:raw_iron":36,"gnumus:juicy_meat":17,"minecraft:oak_fence":17,"minecraft:torch":83,"minecraft:porkchop":65,"minecraft:pointed_dripstone":5,"minecraft:redstone":294,"gnumus:grilled_juicy_meat":9,"minecraft:arrow":2,"minecraft:rotten_flesh":3,"minecraft:diamond_chestplate":1,"minecraft:tropical_fish":1,"gnumus:gnumus_chickpeas":5,"minecraft:gold_ingot":6,"gnumus:gnumus_pouch_3":1,"gnumus:mouse_skin":2,"minecraft:glow_berries":6,"minecraft:mutton":28,"minecraft:skeleton_skull":1,"minecraft:cod":2,"minecraft:cobblestone":119,"minecraft:white_wool":15,"minecraft:birch_log":201,"gnumus:gnumus_doubloons":7,"minecraft:leather":7,"minecraft:smoker":1,"minecraft:birch_planks":43,"minecraft:tuff":2,"minecraft:oak_log":85,"minecraft:gunpowder":1,"travelersbackpack:gold_tier_upgrade":1,"minecraft:lapis_lazuli":43,"minecraft:dirt":80,"gnumus:gnumus_pouch_2":1,"minecraft:cooked_mutton":4,"minecraft:bone":5,"minecraft:apple":7,"gnumus:gnumus_horn":1,"minecraft:wheat_seeds":8,"minecraft:raw_gold":14,"minecraft:rabbit_hide":2,"minecraft:iron_ingot":4,"minecraft:moss_block":1,"minecraft:flowering_azalea":13,"minecraft:oak_planks":3491,"minecraft:iron_sword":1,"minecraft:cooked_porkchop":14,"minecraft:pumpkin":9,"minecraft:dripstone_block":1,"minecraft:amethyst_shard":2,"minecraft:spider_eye":6,"minecraft:dark_oak_log":287,"travelersbackpack:standard":1,"travelersbackpack:white_sleeping_bag":14,"minecraft:iron_hoe":3,"minecraft:diamond":5,"minecraft:iron_helmet":1,"minecraft:gray_wool":1,"minecraft:oak_sapling":108,"minecraft:black_wool":2,"minecraft:dark_oak_fence":4,"minecraft:coal":5,"minecraft:diamond_pickaxe":1},"minecraft:mined":{"minecraft:tuff":2,"minecraft:dark_oak_leaves":80,"minecraft:deepslate_diamond_ore":1,"minecraft:sculk_vein":60,"minecraft:dark_oak_log":307,"minecraft:granite":1,"minecraft:budding_amethyst":2,"minecraft:cave_vines_plant":2,"minecraft:dark_oak_fence":4,"minecraft:potted_dead_bush":1,"minecraft:allium":2,"minecraft:grass_block":27,"minecraft:potted_azalea_bush":1,"travelersbackpack:white_sleeping_bag":12,"minecraft:moss_block":2,"minecraft:spawner":1,"minecraft:sculk_catalyst":3,"minecraft:furnace":4,"minecraft:cobbled_deepslate":3,"minecraft:iron_ore":3,"minecraft:fire":2,"minecraft:deepslate_lapis_ore":3,"minecraft:pumpkin":9,"minecraft:anvil":2,"minecraft:pointed_dripstone":3,"minecraft:cave_vines":2,"minecraft:deepslate_iron_ore":9,"minecraft:oak_stairs":37,"gnumus:fragile_gnumus_jug":13,"minecraft:azalea":13,"minecraft:stone":107,"minecraft:spruce_slab":2,"minecraft:deepslate_redstone_ore":21,"minecraft:flowering_azalea":13,"minecraft:medium_amethyst_bud":1,"minecraft:smoker":1,"minecraft:brown_carpet":1,"minecraft:clay":1,"minecraft:oak_fence":21,"minecraft:crafting_table":2,"minecraft:torch":10,"minecraft:chest":1,"minecraft:tall_grass":2,"minecraft:cobblestone":23,"minecraft:deepslate_gold_ore":4,"minecraft:oak_planks":279,"minecraft:sculk":450,"minecraft:wall_torch":9,"minecraft:amethyst_block":6,"minecraft:birch_planks":18,"minecraft:birch_log":44,"minecraft:birch_leaves":52,"minecraft:grass":19,"minecraft:coal_ore":2,"minecraft:oak_log":74,"minecraft:dripstone_block":1,"minecraft:dirt":43,"minecraft:cobweb":93,"minecraft:deepslate":30,"minecraft:oak_leaves":19},"minecraft:crafted":{"minecraft:wooden_sword":1,"minecraft:oak_door":3,"minecraft:oak_planks":208,"gnumus:grilled_juicy_meat":17,"minecraft:leather_boots":1,"minecraft:furnace":1,"minecraft:cooked_mutton":6,"minecraft:glass":56,"minecraft:dark_oak_fence":186,"travelersbackpack:white_sleeping_bag":2,"minecraft:iron_axe":1,"minecraft:stone_pickaxe":1,"minecraft:chest":58,"minecraft:dark_oak_planks":628,"minecraft:oak_fence":39,"minecraft:smoker":1,"minecraft:cooked_beef":2,"minecraft:cooked_porkchop":28,"minecraft:crafting_table":4,"minecraft:wooden_pickaxe":1,"minecraft:iron_sword":1,"minecraft:birch_planks":52,"minecraft:stone_axe":3,"minecraft:air":0,"minecraft:stick":140,"minecraft:iron_ingot":31,"minecraft:iron_pickaxe":1,"minecraft:oak_stairs":84,"minecraft:wooden_axe":3,"minecraft:stone_sword":1,"minecraft:iron_shovel":1,"minecraft:white_bed":1,"minecraft:torch":12,"minecraft:shears":1},"minecraft:dropped":{"minecraft:iron_ingot":2,"minecraft:oak_log":29,"minecraft:iron_helmet":1,"minecraft:cobblestone":54,"minecraft:torch":1,"minecraft:oak_stairs":1,"minecraft:iron_axe":3,"minecraft:iron_pickaxe":1,"gnumus:grilled_juicy_meat":14,"minecraft:gold_ingot":6,"minecraft:oak_planks":193,"minecraft:iron_hoe":1,"minecraft:flint_and_steel":1,"minecraft:diamond_chestplate":1,"minecraft:skeleton_skull":1,"travelersbackpack:white_sleeping_bag":1,"minecraft:diamond_pickaxe":1,"minecraft:oak_sapling":11,"minecraft:chest":2},"minecraft:custom":{"minecraft:mob_kills":75,"minecraft:interact_with_crafting_table":60,"minecraft:interact_with_campfire":2,"minecraft:damage_dealt_resisted":100,"minecraft:leave_game":4,"minecraft:time_since_death":344210,"minecraft:climb_one_cm":1482,"minecraft:sprint_one_cm":1026673,"minecraft:walk_one_cm":1132352,"minecraft:drop":28,"minecraft:play_time":349030,"minecraft:deaths":2,"minecraft:sneak_time":15523,"minecraft:walk_under_water_one_cm":4276,"minecraft:jump":3868,"minecraft:interact_with_blast_furnace":4,"minecraft:walk_on_water_one_cm":20006,"minecraft:total_world_time":349030,"minecraft:interact_with_furnace":33,"minecraft:pot_flower":2,"minecraft:sleep_in_bed":19,"minecraft:time_since_rest":155966,"minecraft:damage_taken":5725,"minecraft:damage_dealt":9036,"minecraft:swim_one_cm":8795,"minecraft:fly_one_cm":350226,"minecraft:open_chest":259,"minecraft:crouch_one_cm":50896,"minecraft:interact_with_smoker":28,"minecraft:fall_one_cm":93608},"minecraft:killed":{"minecraft:cave_spider":10,"minecraft:spider":3,"minecraft:skeleton":2,"gnumus:gnumus_worker":1,"gnumus:pitcher_mousse":7,"minecraft:pig":18,"gnumus:gnumus_shaman":1,"gnumus:big_snout":4,"gnumus:marsupial_mousse":2,"minecraft:sheep":20,"minecraft:zombie":3,"minecraft:cow":4},"minecraft:used":{"minecraft:azalea":11,"minecraft:oak_fence":10,"minecraft:stone_sword":84,"minecraft:iron_shovel":152,"minecraft:tropical_fish":1,"minecraft:chest":57,"minecraft:iron_sword":287,"minecraft:oak_door":2,"minecraft:torch":93,"minecraft:dirt":4,"minecraft:anvil":2,"minecraft:glass":2,"minecraft:iron_hoe":407,"minecraft:wooden_axe":186,"minecraft:flowering_azalea":13,"minecraft:iron_axe":371,"minecraft:oak_stairs":74,"minecraft:furnace":4,"minecraft:oak_sapling":95,"minecraft:cobbled_deepslate":34,"gnumus:grilled_juicy_meat":12,"minecraft:cooked_mutton":6,"minecraft:birch_planks":9,"minecraft:stone_pickaxe":6,"minecraft:oak_planks":2242,"minecraft:wooden_pickaxe":51,"minecraft:crafting_table":6,"minecraft:white_bed":1,"minecraft:dripstone_block":1,"minecraft:smoker":2,"minecraft:apple":6,"minecraft:dark_oak_log":16,"minecraft:iron_pickaxe":328,"travelersbackpack:white_sleeping_bag":14,"minecraft:stone_axe":250,"minecraft:wooden_sword":58,"minecraft:cobblestone":68,"travelersbackpack:standard":1,"minecraft:cooked_porkchop":42,"minecraft:dark_oak_fence":134}},"DataVersion":3465}