{"stats":{"minecraft:custom":{"minecraft:time_since_rest":3379,"minecraft:sprint_one_cm":37684,"minecraft:damage_taken":589,"minecraft:walk_one_cm":24482,"minecraft:mob_kills":2,"minecraft:drop":2,"minecraft:damage_dealt":397,"minecraft:interact_with_crafting_table":3,"minecraft:swim_one_cm":193,"minecraft:fly_one_cm":10729,"minecraft:crouch_one_cm":161,"minecraft:play_time":8176,"minecraft:deaths":2,"minecraft:sneak_time":40,"minecraft:walk_under_water_one_cm":1421,"minecraft:jump":85,"minecraft:leave_game":1,"minecraft:time_since_death":3356,"minecraft:walk_on_water_one_cm":1842,"minecraft:total_world_time":8176,"minecraft:fall_one_cm":1433},"minecraft:mined":{"minecraft:birch_log":1,"minecraft:allium":2,"minecraft:oak_log":45,"minecraft:stone":12,"minecraft:oak_leaves":4},"minecraft:crafted":{"minecraft:wooden_sword":1,"minecraft:oak_planks":44,"minecraft:crafting_table":1,"minecraft:stick":8,"minecraft:wooden_pickaxe":1,"minecraft:wooden_axe":1},"minecraft:used":{"minecraft:wooden_axe":44,"minecraft:wooden_pickaxe":13,"minecraft:wooden_sword":6,"minecraft:crafting_table":1},"minecraft:killed_by":{"minecraft:player":2},"minecraft:dropped":{"minecraft:oak_log":29,"minecraft:oak_sapling":11},"minecraft:killed":{"minecraft:sheep":2},"minecraft:picked_up":{"minecraft:wooden_axe":1,"minecraft:birch_log":4,"minecraft:stick":20,"minecraft:wooden_pickaxe":1,"minecraft:birch_planks":27,"minecraft:oak_log":56,"minecraft:wooden_sword":1,"minecraft:apple":4,"minecraft:oak_sapling":20,"minecraft:mutton":3,"minecraft:black_wool":1,"minecraft:birch_sapling":3,"minecraft:oak_planks":28,"minecraft:white_wool":1,"minecraft:cobblestone":11}},"DataVersion":3465}