{"stats":{"minecraft:broken":{"minecraft:wooden_sword":1,"minecraft:wooden_axe":1},"minecraft:custom":{"minecraft:interact_with_furnace":13,"minecraft:mob_kills":52,"minecraft:interact_with_crafting_table":24,"minecraft:interact_with_campfire":2,"minecraft:damage_dealt_resisted":100,"minecraft:leave_game":3,"minecraft:time_since_death":97015,"minecraft:sleep_in_bed":12,"minecraft:time_since_rest":20885,"minecraft:sprint_one_cm":313961,"minecraft:damage_taken":1509,"minecraft:walk_one_cm":267000,"minecraft:drop":7,"minecraft:damage_dealt":5716,"minecraft:swim_one_cm":2256,"minecraft:fly_one_cm":132729,"minecraft:open_chest":29,"minecraft:crouch_one_cm":2429,"minecraft:play_time":101835,"minecraft:deaths":2,"minecraft:sneak_time":1287,"minecraft:walk_under_water_one_cm":2067,"minecraft:jump":1312,"minecraft:walk_on_water_one_cm":11063,"minecraft:interact_with_smoker":23,"minecraft:total_world_time":101835,"minecraft:fall_one_cm":25746},"minecraft:mined":{"minecraft:dark_oak_leaves":80,"minecraft:smoker":1,"minecraft:dark_oak_log":40,"minecraft:crafting_table":2,"minecraft:torch":6,"minecraft:allium":2,"minecraft:grass_block":12,"travelersbackpack:white_sleeping_bag":8,"minecraft:oak_planks":30,"minecraft:wall_torch":5,"minecraft:furnace":4,"minecraft:birch_log":1,"minecraft:iron_ore":1,"minecraft:birch_leaves":3,"minecraft:grass":6,"minecraft:pointed_dripstone":2,"minecraft:oak_log":74,"minecraft:oak_stairs":27,"minecraft:dripstone_block":1,"minecraft:dirt":16,"gnumus:fragile_gnumus_jug":1,"minecraft:stone":46,"minecraft:oak_leaves":19},"minecraft:crafted":{"minecraft:wooden_sword":1,"minecraft:oak_planks":208,"gnumus:grilled_juicy_meat":13,"minecraft:cooked_porkchop":28,"minecraft:leather_boots":1,"minecraft:crafting_table":2,"minecraft:wooden_pickaxe":1,"minecraft:furnace":1,"minecraft:birch_planks":8,"minecraft:stone_axe":1,"minecraft:cooked_mutton":6,"travelersbackpack:white_sleeping_bag":2,"minecraft:stick":8,"minecraft:iron_ingot":20,"minecraft:oak_stairs":28,"minecraft:iron_pickaxe":1,"minecraft:stone_pickaxe":1,"minecraft:wooden_axe":1,"minecraft:stone_sword":1,"minecraft:iron_shovel":1,"minecraft:torch":12,"minecraft:smoker":1},"minecraft:used":{"minecraft:cooked_mutton":6,"minecraft:stone_sword":84,"minecraft:stone_pickaxe":6,"minecraft:oak_planks":61,"minecraft:wooden_pickaxe":51,"minecraft:iron_sword":75,"minecraft:torch":13,"minecraft:dirt":2,"minecraft:crafting_table":4,"minecraft:dripstone_block":1,"minecraft:smoker":1,"minecraft:wooden_axe":68,"minecraft:apple":6,"minecraft:oak_stairs":27,"minecraft:iron_pickaxe":43,"travelersbackpack:white_sleeping_bag":10,"minecraft:stone_axe":86,"minecraft:wooden_sword":58,"minecraft:furnace":1,"minecraft:oak_sapling":12,"minecraft:cooked_porkchop":8},"minecraft:killed_by":{"minecraft:player":2},"minecraft:dropped":{"minecraft:oak_log":29,"minecraft:cobblestone":37,"travelersbackpack:white_sleeping_bag":1,"minecraft:oak_sapling":11,"minecraft:oak_stairs":1,"minecraft:iron_axe":1,"minecraft:gold_ingot":6},"minecraft:killed":{"minecraft:pig":18,"gnumus:big_snout":3,"gnumus:marsupial_mousse":2,"minecraft:sheep":20,"gnumus:pitcher_mousse":5,"minecraft:cow":4},"minecraft:picked_up":{"minecraft:wooden_axe":1,"minecraft:birch_log":4,"minecraft:crafting_table":2,"minecraft:leather":5,"minecraft:smoker":1,"minecraft:wooden_pickaxe":1,"minecraft:oak_stairs":28,"minecraft:birch_planks":33,"minecraft:oak_log":85,"minecraft:dirt":41,"minecraft:iron_axe":1,"minecraft:wooden_sword":1,"minecraft:bone":4,"minecraft:apple":6,"gnumus:gnumus_horn":1,"minecraft:wheat_seeds":1,"minecraft:beef":10,"minecraft:light_gray_wool":1,"minecraft:oak_planks":111,"minecraft:birch_sapling":3,"minecraft:iron_sword":1,"minecraft:egg":1,"minecraft:furnace":4,"minecraft:dark_oak_sapling":1,"minecraft:stick":30,"minecraft:raw_iron":1,"minecraft:cooked_porkchop":9,"gnumus:juicy_meat":13,"minecraft:torch":12,"minecraft:dripstone_block":1,"minecraft:porkchop":65,"minecraft:pointed_dripstone":5,"minecraft:dark_oak_log":35,"travelersbackpack:white_sleeping_bag":10,"minecraft:arrow":1,"minecraft:diamond":1,"gnumus:gnumus_chickpeas":5,"minecraft:gray_wool":1,"minecraft:gold_ingot":6,"minecraft:glow_berries":3,"minecraft:cod":2,"minecraft:oak_sapling":25,"gnumus:mouse_skin":2,"minecraft:black_wool":2,"minecraft:mutton":28,"minecraft:coal":3,"minecraft:white_wool":15,"minecraft:cobblestone":40}},"DataVersion":3465}