{"stats":{"minecraft:broken":{"minecraft:wooden_sword":1,"minecraft:wooden_axe":1},"minecraft:custom":{"minecraft:interact_with_furnace":11,"minecraft:mob_kills":52,"minecraft:interact_with_crafting_table":20,"minecraft:damage_dealt_resisted":100,"minecraft:leave_game":3,"minecraft:time_since_death":49015,"minecraft:sleep_in_bed":7,"minecraft:time_since_rest":1551,"minecraft:sprint_one_cm":198622,"minecraft:damage_taken":909,"minecraft:walk_one_cm":161129,"minecraft:drop":2,"minecraft:damage_dealt":5587,"minecraft:swim_one_cm":193,"minecraft:fly_one_cm":82489,"minecraft:open_chest":9,"minecraft:crouch_one_cm":822,"minecraft:play_time":53835,"minecraft:deaths":2,"minecraft:sneak_time":349,"minecraft:walk_under_water_one_cm":1895,"minecraft:jump":708,"minecraft:walk_on_water_one_cm":4507,"minecraft:interact_with_smoker":11,"minecraft:total_world_time":53835,"minecraft:fall_one_cm":11392},"minecraft:mined":{"minecraft:dark_oak_log":1,"minecraft:crafting_table":2,"minecraft:torch":6,"minecraft:allium":2,"minecraft:grass_block":2,"travelersbackpack:white_sleeping_bag":5,"minecraft:wall_torch":5,"minecraft:furnace":1,"minecraft:birch_log":1,"minecraft:iron_ore":1,"minecraft:birch_leaves":1,"minecraft:grass":5,"minecraft:pointed_dripstone":2,"minecraft:oak_log":74,"minecraft:dripstone_block":1,"minecraft:stone":46,"minecraft:oak_leaves":8},"minecraft:crafted":{"minecraft:wooden_sword":1,"minecraft:oak_planks":208,"minecraft:cooked_porkchop":28,"minecraft:leather_boots":1,"minecraft:crafting_table":2,"minecraft:wooden_pickaxe":1,"minecraft:furnace":1,"minecraft:birch_planks":8,"minecraft:cooked_mutton":6,"travelersbackpack:white_sleeping_bag":2,"minecraft:stick":8,"minecraft:iron_ingot":20,"minecraft:iron_pickaxe":1,"minecraft:stone_pickaxe":1,"minecraft:wooden_axe":1,"minecraft:stone_sword":1,"minecraft:torch":12,"minecraft:smoker":1},"minecraft:used":{"minecraft:cooked_mutton":6,"minecraft:stone_sword":84,"minecraft:stone_pickaxe":6,"minecraft:oak_planks":18,"minecraft:wooden_pickaxe":51,"minecraft:torch":11,"minecraft:dirt":2,"minecraft:crafting_table":4,"minecraft:dripstone_block":1,"minecraft:smoker":1,"minecraft:wooden_axe":68,"minecraft:apple":6,"travelersbackpack:white_sleeping_bag":5,"minecraft:wooden_sword":58,"minecraft:furnace":1,"minecraft:oak_sapling":12},"minecraft:killed_by":{"minecraft:player":2},"minecraft:dropped":{"minecraft:oak_log":29,"minecraft:oak_sapling":11},"minecraft:killed":{"minecraft:pig":18,"gnumus:big_snout":3,"gnumus:marsupial_mousse":2,"minecraft:sheep":20,"gnumus:pitcher_mousse":5,"minecraft:cow":4},"minecraft:picked_up":{"minecraft:wooden_axe":1,"minecraft:birch_log":4,"minecraft:crafting_table":2,"minecraft:leather":5,"minecraft:wooden_pickaxe":1,"minecraft:birch_planks":27,"minecraft:oak_log":85,"minecraft:dirt":2,"minecraft:wooden_sword":1,"minecraft:bone":4,"minecraft:apple":6,"minecraft:beef":10,"minecraft:light_gray_wool":1,"minecraft:oak_planks":85,"minecraft:birch_sapling":3,"minecraft:iron_sword":1,"minecraft:furnace":1,"minecraft:stick":26,"minecraft:raw_iron":1,"minecraft:cooked_porkchop":9,"gnumus:juicy_meat":13,"minecraft:torch":11,"minecraft:dripstone_block":1,"minecraft:porkchop":65,"minecraft:pointed_dripstone":5,"travelersbackpack:white_sleeping_bag":5,"minecraft:arrow":1,"minecraft:diamond":1,"minecraft:gray_wool":1,"minecraft:oak_sapling":25,"gnumus:mouse_skin":2,"minecraft:black_wool":2,"minecraft:mutton":28,"minecraft:coal":3,"minecraft:white_wool":15,"minecraft:cobblestone":40}},"DataVersion":3465}