{"stats":{"minecraft:broken":{"minecraft:wooden_sword":1,"minecraft:stone_axe":1,"minecraft:wooden_axe":2},"minecraft:killed_by":{"minecraft:player":2},"minecraft:picked_up":{"minecraft:wooden_axe":1,"minecraft:birch_log":188,"minecraft:crafting_table":2,"minecraft:leather":5,"minecraft:wooden_pickaxe":1,"minecraft:smoker":1,"minecraft:oak_stairs":31,"minecraft:birch_planks":43,"minecraft:oak_log":85,"minecraft:dirt":43,"minecraft:iron_axe":2,"minecraft:wooden_sword":1,"minecraft:flint_and_steel":1,"minecraft:cooked_mutton":4,"minecraft:bone":4,"minecraft:apple":6,"gnumus:gnumus_horn":1,"minecraft:wheat_seeds":2,"minecraft:beef":10,"minecraft:light_gray_wool":1,"minecraft:birch_sapling":5,"minecraft:iron_sword":1,"minecraft:oak_planks":1235,"minecraft:furnace":4,"minecraft:egg":1,"minecraft:raw_iron":1,"minecraft:dark_oak_sapling":1,"minecraft:stick":69,"minecraft:cooked_porkchop":14,"gnumus:juicy_meat":13,"minecraft:oak_fence":8,"minecraft:torch":73,"minecraft:dripstone_block":1,"minecraft:porkchop":65,"minecraft:pointed_dripstone":5,"minecraft:dark_oak_log":35,"travelersbackpack:white_sleeping_bag":12,"minecraft:arrow":1,"minecraft:diamond_chestplate":1,"minecraft:diamond":1,"minecraft:iron_helmet":1,"gnumus:gnumus_chickpeas":5,"minecraft:gray_wool":1,"minecraft:gold_ingot":6,"minecraft:black_wool":2,"minecraft:oak_sapling":108,"gnumus:mouse_skin":2,"minecraft:glow_berries":3,"minecraft:mutton":28,"minecraft:coal":3,"minecraft:cod":2,"minecraft:white_wool":15,"minecraft:cobblestone":58,"minecraft:diamond_pickaxe":1},"minecraft:mined":{"minecraft:dark_oak_leaves":80,"minecraft:smoker":1,"minecraft:dark_oak_log":40,"minecraft:oak_fence":11,"minecraft:crafting_table":2,"minecraft:torch":8,"minecraft:allium":2,"minecraft:grass_block":14,"minecraft:cobblestone":20,"travelersbackpack:white_sleeping_bag":10,"minecraft:oak_planks":140,"minecraft:wall_torch":5,"minecraft:birch_planks":18,"minecraft:furnace":4,"minecraft:birch_log":12,"minecraft:iron_ore":1,"minecraft:birch_leaves":4,"minecraft:grass":8,"minecraft:pointed_dripstone":2,"minecraft:oak_log":74,"minecraft:oak_stairs":30,"minecraft:dripstone_block":1,"minecraft:dirt":16,"gnumus:fragile_gnumus_jug":1,"minecraft:stone":46,"minecraft:oak_leaves":19},"minecraft:crafted":{"minecraft:wooden_sword":1,"minecraft:oak_door":3,"minecraft:oak_planks":208,"gnumus:grilled_juicy_meat":13,"minecraft:cooked_porkchop":28,"minecraft:leather_boots":1,"minecraft:crafting_table":3,"minecraft:wooden_pickaxe":1,"minecraft:furnace":1,"minecraft:birch_planks":52,"minecraft:stone_axe":1,"minecraft:cooked_mutton":6,"minecraft:dark_oak_fence":42,"travelersbackpack:white_sleeping_bag":2,"minecraft:stick":44,"minecraft:iron_ingot":20,"minecraft:wooden_axe":3,"minecraft:iron_pickaxe":1,"minecraft:stone_pickaxe":1,"minecraft:oak_stairs":28,"minecraft:stone_sword":1,"minecraft:chest":4,"minecraft:iron_shovel":1,"minecraft:dark_oak_planks":132,"minecraft:torch":12,"minecraft:oak_fence":39,"minecraft:smoker":1},"minecraft:dropped":{"minecraft:oak_log":29,"minecraft:iron_helmet":1,"minecraft:cobblestone":54,"minecraft:oak_planks":192,"minecraft:flint_and_steel":1,"minecraft:diamond_chestplate":1,"travelersbackpack:white_sleeping_bag":1,"minecraft:diamond_pickaxe":1,"minecraft:oak_sapling":11,"minecraft:oak_stairs":1,"minecraft:iron_axe":2,"minecraft:iron_pickaxe":1,"minecraft:gold_ingot":6},"minecraft:custom":{"minecraft:interact_with_furnace":13,"minecraft:mob_kills":55,"minecraft:interact_with_crafting_table":37,"minecraft:interact_with_campfire":2,"minecraft:damage_dealt_resisted":100,"minecraft:leave_game":4,"minecraft:time_since_death":158210,"minecraft:sleep_in_bed":16,"minecraft:time_since_rest":6398,"minecraft:sprint_one_cm":439320,"minecraft:damage_taken":2883,"minecraft:walk_one_cm":527667,"minecraft:drop":17,"minecraft:damage_dealt":6206,"minecraft:swim_one_cm":2256,"minecraft:fly_one_cm":155603,"minecraft:open_chest":36,"minecraft:crouch_one_cm":9777,"minecraft:play_time":163030,"minecraft:deaths":2,"minecraft:sneak_time":3133,"minecraft:walk_under_water_one_cm":2067,"minecraft:jump":1637,"minecraft:walk_on_water_one_cm":11063,"minecraft:fall_one_cm":46409,"minecraft:total_world_time":163030,"minecraft:interact_with_smoker":23},"minecraft:killed":{"minecraft:pig":18,"gnumus:big_snout":3,"gnumus:marsupial_mousse":2,"minecraft:sheep":20,"minecraft:skeleton":1,"minecraft:zombie":2,"gnumus:pitcher_mousse":5,"minecraft:cow":4},"minecraft:used":{"minecraft:oak_fence":10,"minecraft:cooked_mutton":6,"minecraft:stone_sword":84,"minecraft:iron_shovel":52,"minecraft:birch_planks":9,"minecraft:stone_pickaxe":6,"minecraft:oak_planks":713,"minecraft:chest":4,"minecraft:wooden_pickaxe":51,"minecraft:iron_sword":86,"minecraft:oak_door":2,"minecraft:torch":14,"minecraft:dirt":3,"minecraft:crafting_table":5,"minecraft:dripstone_block":1,"minecraft:smoker":2,"minecraft:wooden_axe":168,"minecraft:apple":6,"minecraft:oak_stairs":45,"minecraft:iron_pickaxe":63,"travelersbackpack:white_sleeping_bag":12,"minecraft:stone_axe":134,"minecraft:cobblestone":36,"minecraft:wooden_sword":58,"minecraft:oak_sapling":12,"minecraft:furnace":4,"minecraft:dark_oak_fence":20,"minecraft:cooked_porkchop":22}},"DataVersion":3465}