{"stats":{"minecraft:broken":{"minecraft:wooden_sword":1,"minecraft:stone_axe":1,"minecraft:wooden_axe":3},"minecraft:killed_by":{"minecraft:player":2},"minecraft:picked_up":{"minecraft:wooden_axe":1,"minecraft:birch_log":188,"minecraft:iron_chestplate":1,"minecraft:crafting_table":2,"minecraft:leather":5,"minecraft:wooden_pickaxe":1,"minecraft:smoker":1,"minecraft:oak_stairs":33,"minecraft:birch_planks":43,"minecraft:oak_log":85,"minecraft:dirt":43,"minecraft:iron_axe":3,"minecraft:wooden_sword":1,"minecraft:flint_and_steel":1,"minecraft:cooked_mutton":4,"minecraft:bone":4,"minecraft:apple":6,"gnumus:gnumus_horn":1,"minecraft:wheat_seeds":2,"minecraft:beef":10,"minecraft:light_gray_wool":1,"minecraft:birch_sapling":5,"minecraft:iron_sword":1,"minecraft:oak_planks":3394,"minecraft:furnace":4,"minecraft:egg":1,"minecraft:raw_iron":1,"minecraft:dark_oak_sapling":1,"minecraft:stick":69,"minecraft:cooked_porkchop":14,"gnumus:juicy_meat":13,"minecraft:oak_fence":17,"minecraft:torch":74,"minecraft:dripstone_block":1,"minecraft:porkchop":65,"minecraft:pointed_dripstone":5,"minecraft:dark_oak_log":35,"travelersbackpack:white_sleeping_bag":13,"minecraft:arrow":1,"minecraft:diamond_chestplate":1,"minecraft:diamond":1,"minecraft:iron_helmet":1,"gnumus:gnumus_chickpeas":5,"minecraft:gray_wool":1,"minecraft:gold_ingot":6,"minecraft:black_wool":2,"minecraft:oak_sapling":108,"gnumus:mouse_skin":2,"minecraft:glow_berries":3,"minecraft:mutton":28,"minecraft:coal":3,"minecraft:cod":2,"minecraft:white_wool":15,"minecraft:cobblestone":58,"minecraft:diamond_pickaxe":1},"minecraft:mined":{"minecraft:dark_oak_leaves":80,"minecraft:smoker":1,"minecraft:dark_oak_log":40,"minecraft:oak_fence":21,"minecraft:crafting_table":2,"minecraft:torch":9,"minecraft:allium":2,"minecraft:grass_block":14,"minecraft:cobblestone":23,"travelersbackpack:white_sleeping_bag":11,"minecraft:oak_planks":162,"minecraft:wall_torch":5,"minecraft:birch_planks":18,"minecraft:furnace":4,"minecraft:birch_log":12,"minecraft:iron_ore":1,"minecraft:birch_leaves":4,"minecraft:grass":13,"minecraft:pointed_dripstone":2,"minecraft:oak_log":74,"minecraft:oak_stairs":35,"minecraft:dripstone_block":1,"minecraft:dirt":16,"gnumus:fragile_gnumus_jug":1,"minecraft:stone":46,"minecraft:oak_leaves":19},"minecraft:crafted":{"minecraft:wooden_sword":1,"minecraft:oak_door":3,"minecraft:oak_planks":208,"gnumus:grilled_juicy_meat":13,"minecraft:cooked_porkchop":28,"minecraft:leather_boots":1,"minecraft:crafting_table":3,"minecraft:wooden_pickaxe":1,"minecraft:furnace":1,"minecraft:birch_planks":52,"minecraft:stone_axe":1,"minecraft:cooked_mutton":6,"minecraft:dark_oak_fence":90,"travelersbackpack:white_sleeping_bag":2,"minecraft:stick":44,"minecraft:iron_ingot":20,"minecraft:wooden_axe":3,"minecraft:iron_pickaxe":1,"minecraft:stone_pickaxe":1,"minecraft:oak_stairs":28,"minecraft:stone_sword":1,"minecraft:chest":4,"minecraft:iron_shovel":1,"minecraft:dark_oak_planks":132,"minecraft:torch":12,"minecraft:oak_fence":39,"minecraft:smoker":1},"minecraft:dropped":{"minecraft:oak_log":29,"minecraft:iron_helmet":1,"minecraft:cobblestone":54,"minecraft:oak_planks":192,"minecraft:flint_and_steel":1,"minecraft:diamond_chestplate":1,"travelersbackpack:white_sleeping_bag":1,"minecraft:diamond_pickaxe":1,"minecraft:oak_sapling":11,"minecraft:oak_stairs":1,"minecraft:iron_axe":2,"minecraft:iron_pickaxe":1,"minecraft:gold_ingot":6},"minecraft:custom":{"minecraft:interact_with_furnace":13,"minecraft:mob_kills":55,"minecraft:interact_with_crafting_table":42,"minecraft:interact_with_campfire":2,"minecraft:damage_dealt_resisted":100,"minecraft:leave_game":4,"minecraft:time_since_death":182210,"minecraft:sleep_in_bed":18,"minecraft:time_since_rest":15908,"minecraft:sprint_one_cm":517329,"minecraft:damage_taken":3397,"minecraft:walk_one_cm":610002,"minecraft:drop":17,"minecraft:damage_dealt":6206,"minecraft:swim_one_cm":2256,"minecraft:fly_one_cm":178227,"minecraft:open_chest":44,"minecraft:crouch_one_cm":11233,"minecraft:play_time":187030,"minecraft:deaths":2,"minecraft:sneak_time":3738,"minecraft:walk_under_water_one_cm":2067,"minecraft:jump":1862,"minecraft:walk_on_water_one_cm":11063,"minecraft:fall_one_cm":53645,"minecraft:total_world_time":187030,"minecraft:interact_with_smoker":23},"minecraft:killed":{"minecraft:pig":18,"gnumus:big_snout":3,"gnumus:marsupial_mousse":2,"minecraft:sheep":20,"minecraft:skeleton":1,"minecraft:zombie":2,"gnumus:pitcher_mousse":5,"minecraft:cow":4},"minecraft:used":{"minecraft:oak_fence":10,"minecraft:cooked_mutton":6,"minecraft:stone_sword":84,"minecraft:iron_shovel":114,"minecraft:birch_planks":9,"minecraft:stone_pickaxe":6,"minecraft:oak_planks":1078,"minecraft:chest":4,"minecraft:wooden_pickaxe":51,"minecraft:iron_sword":86,"minecraft:oak_door":2,"minecraft:torch":14,"minecraft:dirt":3,"minecraft:crafting_table":5,"minecraft:dripstone_block":1,"minecraft:smoker":2,"minecraft:wooden_axe":186,"minecraft:apple":6,"minecraft:iron_axe":19,"minecraft:oak_stairs":53,"minecraft:iron_pickaxe":66,"travelersbackpack:white_sleeping_bag":13,"minecraft:stone_axe":134,"minecraft:cobblestone":52,"minecraft:wooden_sword":58,"minecraft:oak_sapling":95,"minecraft:furnace":4,"minecraft:dark_oak_fence":49,"minecraft:cooked_porkchop":29}},"DataVersion":3465}