{"stats":{"minecraft:broken":{"minecraft:wooden_sword":1,"minecraft:stone_axe":1,"minecraft:iron_sword":3,"minecraft:wooden_axe":3,"minecraft:iron_hoe":1,"minecraft:iron_axe":2,"minecraft:iron_pickaxe":1},"minecraft:killed_by":{"minecraft:player":2},"minecraft:picked_up":{"minecraft:wooden_axe":1,"minecraft:seagrass":4,"minecraft:iron_chestplate":1,"minecraft:anvil":2,"minecraft:flower_pot":8,"gnumus:gnumus_claw":17,"minecraft:oak_stairs":35,"minecraft:amethyst_block":5,"minecraft:raw_copper":1,"minecraft:string":96,"minecraft:cobbled_deepslate":34,"gnumus:packaged_goods":8,"minecraft:azalea":14,"minecraft:iron_pickaxe":2,"minecraft:furnace":4,"minecraft:stick":122,"minecraft:oak_fence":17,"minecraft:torch":112,"travelersbackpack:iron_tier_upgrade":1,"minecraft:porkchop":176,"minecraft:cherry_log":103,"minecraft:pointed_dripstone":5,"gnumus:grilled_juicy_meat":9,"minecraft:cauldron":3,"minecraft:brown_carpet":1,"gnumus:wrapper_with_goods":2,"minecraft:cactus":4,"minecraft:rotten_flesh":6,"minecraft:tropical_fish":1,"gnumus:gnumus_chickpeas":11,"minecraft:obsidian":11,"minecraft:cod":2,"minecraft:cobblestone":125,"minecraft:birch_log":201,"gnumus:gnumus_doubloons":14,"minecraft:feather":34,"gnumus:overripe_carrot":6,"minecraft:brown_wool":2,"minecraft:smoker":2,"minecraft:tuff":2,"travelersbackpack:gold_tier_upgrade":1,"minecraft:lapis_lazuli":43,"minecraft:dirt":87,"gnumus:gnumus_pouch_2":4,"minecraft:glass":2,"minecraft:bone":11,"minecraft:stonecutter":1,"minecraft:wheat_seeds":35,"minecraft:raw_gold":14,"minecraft:bell":1,"minecraft:moss_block":6,"minecraft:oak_planks":3491,"minecraft:cooked_porkchop":14,"minecraft:sand":7,"minecraft:dead_bush":5,"minecraft:cyan_bed":1,"minecraft:dark_oak_log":287,"travelersbackpack:white_sleeping_bag":15,"minecraft:iron_hoe":3,"minecraft:diamond":5,"gnumus:gnumus_clay":15,"waystones:waystone":1,"minecraft:emerald":3,"minecraft:oak_sapling":113,"minecraft:dark_oak_fence":4,"minecraft:diamond_pickaxe":2,"minecraft:crafting_table":2,"minecraft:chicken":35,"minecraft:clay_ball":4,"minecraft:wooden_pickaxe":1,"minecraft:iron_axe":5,"minecraft:wooden_sword":1,"minecraft:flint_and_steel":1,"minecraft:iron_shovel":1,"minecraft:cartography_table":2,"minecraft:beef":74,"minecraft:light_gray_wool":2,"minecraft:lectern":1,"minecraft:chest":1,"minecraft:birch_sapling":9,"minecraft:egg":1,"minecraft:dark_oak_sapling":18,"minecraft:raw_iron":36,"minecraft:sandstone":21,"gnumus:juicy_meat":32,"minecraft:redstone":294,"minecraft:arrow":9,"minecraft:diamond_chestplate":1,"minecraft:hay_block":36,"minecraft:gold_ingot":6,"gnumus:gnumus_pouch_3":1,"gnumus:mouse_skin":3,"minecraft:glow_berries":6,"minecraft:mutton":65,"minecraft:skeleton_skull":1,"minecraft:white_wool":42,"minecraft:leather":43,"gnumus:gnumus_pouch":7,"minecraft:birch_planks":43,"waystones:sandy_waystone":2,"minecraft:oak_log":90,"minecraft:gunpowder":3,"minecraft:paper":3,"minecraft:cooked_mutton":4,"minecraft:apple":18,"gnumus:gnumus_horn":3,"minecraft:rabbit_hide":2,"minecraft:iron_ingot":11,"minecraft:soul_sand":1,"minecraft:iron_sword":4,"minecraft:flowering_azalea":13,"minecraft:book":27,"minecraft:pumpkin":9,"minecraft:sweet_berries":1,"minecraft:chiseled_stone_bricks":2,"minecraft:quartz":54,"minecraft:dripstone_block":4,"minecraft:amethyst_shard":2,"gnumus:gnumus_cheese":1,"minecraft:crying_obsidian":2,"minecraft:spider_eye":8,"travelersbackpack:standard":2,"minecraft:iron_helmet":1,"minecraft:cherry_sapling":59,"minecraft:gray_wool":4,"minecraft:black_wool":2,"minecraft:melon_seeds":2,"minecraft:coal":11},"minecraft:mined":{"minecraft:sculk_vein":60,"minecraft:cherry_log":109,"minecraft:potted_cactus":4,"minecraft:obsidian":13,"minecraft:potted_dead_bush":6,"minecraft:cave_vines_plant":2,"minecraft:granite":1,"minecraft:budding_amethyst":2,"minecraft:grass_block":30,"minecraft:soul_soil":27,"minecraft:chiseled_stone_bricks":1,"minecraft:spawner":1,"minecraft:magma_block":1,"minecraft:sculk_catalyst":3,"minecraft:iron_ore":3,"minecraft:fire":34,"minecraft:cobbled_deepslate":3,"minecraft:anvil":2,"minecraft:pumpkin":9,"minecraft:deepslate_lapis_ore":3,"minecraft:pointed_dripstone":3,"minecraft:cave_vines":2,"minecraft:water_cauldron":2,"minecraft:dirt_path":1,"minecraft:oak_stairs":37,"minecraft:iron_bars":7,"minecraft:azalea":14,"minecraft:spruce_slab":3,"minecraft:deepslate_redstone_ore":21,"minecraft:smoker":1,"minecraft:medium_amethyst_bud":1,"minecraft:clay":1,"minecraft:torch":14,"minecraft:chest":1,"minecraft:nether_quartz_ore":1,"minecraft:cobblestone":23,"minecraft:cyan_bed":1,"minecraft:oak_planks":279,"minecraft:wall_torch":9,"minecraft:amethyst_block":6,"minecraft:cauldron":1,"minecraft:birch_log":44,"minecraft:stone_brick_stairs":2,"minecraft:grass":41,"minecraft:oak_log":74,"minecraft:sand":23,"minecraft:dirt":46,"minecraft:stonecutter":1,"minecraft:netherrack":273,"minecraft:oak_leaves":23,"minecraft:deepslate":30,"minecraft:crying_obsidian":4,"minecraft:tuff":2,"minecraft:dark_oak_leaves":80,"minecraft:deepslate_diamond_ore":1,"minecraft:dark_oak_log":307,"minecraft:dark_oak_fence":4,"minecraft:allium":2,"minecraft:potted_azalea_bush":1,"travelersbackpack:white_sleeping_bag":13,"minecraft:moss_block":2,"minecraft:cartography_table":2,"minecraft:sandstone":219,"minecraft:hay_block":39,"minecraft:furnace":4,"minecraft:bell":1,"minecraft:bookshelf":9,"minecraft:deepslate_iron_ore":9,"gnumus:fragile_gnumus_jug":18,"minecraft:stone":108,"minecraft:flowering_azalea":13,"minecraft:soul_sand":69,"minecraft:brown_carpet":2,"minecraft:oak_fence":21,"minecraft:crafting_table":2,"minecraft:lectern":1,"minecraft:tall_grass":2,"minecraft:deepslate_gold_ore":4,"minecraft:sculk":450,"minecraft:birch_planks":18,"minecraft:birch_leaves":52,"minecraft:coal_ore":2,"minecraft:dripstone_block":1,"minecraft:cobweb":93,"minecraft:cracked_stone_bricks":1},"minecraft:crafted":{"minecraft:oak_planks":208,"gnumus:grilled_juicy_meat":17,"minecraft:cooked_mutton":6,"minecraft:glass":56,"minecraft:chest":58,"minecraft:oak_fence":39,"minecraft:smoker":1,"minecraft:cooked_porkchop":35,"minecraft:crafting_table":4,"minecraft:wooden_pickaxe":1,"minecraft:birch_planks":52,"minecraft:stick":140,"minecraft:iron_ingot":31,"minecraft:iron_pickaxe":1,"minecraft:stone_sword":1,"minecraft:shears":1,"minecraft:wooden_sword":1,"minecraft:oak_door":3,"minecraft:leather_boots":1,"minecraft:furnace":1,"minecraft:dark_oak_fence":186,"travelersbackpack:white_sleeping_bag":2,"minecraft:iron_axe":1,"minecraft:stone_pickaxe":1,"minecraft:dark_oak_planks":628,"minecraft:cooked_beef":8,"minecraft:iron_sword":3,"minecraft:stone_axe":3,"minecraft:air":0,"minecraft:wooden_axe":3,"minecraft:oak_stairs":84,"minecraft:iron_shovel":1,"minecraft:white_bed":1,"minecraft:torch":12},"minecraft:dropped":{"minecraft:iron_sword":3,"minecraft:soul_sand":1,"minecraft:oak_log":29,"travelersbackpack:iron_tier_upgrade":1,"minecraft:saddle":1,"travelersbackpack:standard":1,"minecraft:seagrass":4,"minecraft:sand":7,"minecraft:iron_pickaxe":3,"gnumus:grilled_juicy_meat":14,"gnumus:wrapper_with_goods":1,"minecraft:gold_ingot":6,"minecraft:obsidian":4,"minecraft:oak_planks":193,"minecraft:chiseled_stone_bricks":2,"travelersbackpack:gold_tier_upgrade":1,"minecraft:gunpowder":2,"travelersbackpack:white_sleeping_bag":1,"minecraft:skeleton_skull":1,"minecraft:chest":2,"minecraft:crying_obsidian":2,"minecraft:iron_ingot":2,"minecraft:iron_helmet":1,"minecraft:cobblestone":54,"minecraft:torch":1,"minecraft:brown_wool":2,"minecraft:oak_stairs":1,"minecraft:iron_axe":3,"minecraft:iron_hoe":1,"minecraft:flint_and_steel":1,"minecraft:diamond_chestplate":1,"minecraft:diamond_pickaxe":1,"minecraft:oak_sapling":11,"minecraft:spider_eye":1,"minecraft:sandstone":21},"minecraft:custom":{"minecraft:interact_with_crafting_table":63,"minecraft:open_barrel":3,"minecraft:leave_game":4,"minecraft:time_since_death":476210,"minecraft:sprint_one_cm":1502596,"minecraft:drop":52,"minecraft:talked_to_villager":4,"minecraft:play_time":481030,"minecraft:deaths":2,"minecraft:jump":5868,"minecraft:walk_on_water_one_cm":31564,"minecraft:interact_with_furnace":38,"minecraft:sleep_in_bed":20,"minecraft:waystone_activated":2,"minecraft:damage_dealt":27966,"minecraft:crouch_one_cm":51847,"minecraft:interact_with_smoker":35,"minecraft:horse_one_cm":215222,"minecraft:interact_with_smithing_table":1,"minecraft:mob_kills":256,"minecraft:interact_with_campfire":2,"minecraft:damage_dealt_resisted":160,"minecraft:climb_one_cm":1482,"minecraft:walk_one_cm":1591227,"minecraft:sneak_time":15804,"minecraft:walk_under_water_one_cm":14219,"minecraft:interact_with_blast_furnace":6,"minecraft:total_world_time":481030,"minecraft:pot_flower":2,"minecraft:time_since_rest":124150,"minecraft:damage_taken":7305,"minecraft:swim_one_cm":18481,"minecraft:fly_one_cm":719780,"minecraft:open_chest":279,"minecraft:fall_one_cm":140663},"minecraft:killed":{"minecraft:cave_spider":10,"minecraft:spider":5,"minecraft:skeleton":7,"minecraft:chicken":36,"gnumus:pitcher_mousse":10,"minecraft:turtle":4,"minecraft:pig":73,"gnumus:gnumus_shaman":1,"gnumus:big_snout":7,"minecraft:creeper":1,"gnumus:marsupial_mousse":3,"minecraft:sheep":51,"minecraft:zombie":7,"minecraft:cow":36,"minecraft:horse":1,"gnumus:gnumus_worker":2,"gnumus:gnumus_hunter":2},"minecraft:used":{"minecraft:iron_shovel":262,"minecraft:chest":57,"minecraft:iron_sword":708,"minecraft:obsidian":6,"minecraft:glass":56,"minecraft:sweet_berries":16,"minecraft:oak_sapling":95,"minecraft:furnace":4,"gnumus:grilled_juicy_meat":12,"minecraft:oak_planks":2242,"minecraft:stone_pickaxe":6,"minecraft:wooden_pickaxe":51,"minecraft:dripstone_block":1,"minecraft:dark_oak_log":16,"minecraft:bread":14,"minecraft:wooden_sword":58,"minecraft:dark_oak_fence":134,"minecraft:azalea":12,"minecraft:oak_fence":10,"minecraft:stone_sword":84,"minecraft:flint_and_steel":33,"minecraft:tropical_fish":1,"minecraft:oak_door":2,"minecraft:torch":96,"minecraft:dirt":10,"minecraft:anvil":2,"minecraft:iron_hoe":407,"minecraft:wooden_axe":186,"minecraft:flowering_azalea":13,"minecraft:iron_axe":546,"minecraft:oak_stairs":74,"minecraft:cobbled_deepslate":34,"minecraft:cooked_mutton":6,"minecraft:birch_planks":9,"minecraft:cauldron":1,"minecraft:crafting_table":6,"minecraft:white_bed":1,"minecraft:smoker":2,"minecraft:diamond_pickaxe":307,"minecraft:apple":17,"minecraft:iron_pickaxe":564,"travelersbackpack:white_sleeping_bag":15,"minecraft:stone_axe":250,"minecraft:cobblestone":68,"travelersbackpack:standard":2,"minecraft:cooked_porkchop":49,"minecraft:porkchop":20}},"DataVersion":3465}