{"stats":{"minecraft:broken":{"minecraft:iron_shovel":1,"minecraft:wooden_shovel":2,"minecraft:wooden_sword":1,"minecraft:stone_axe":1,"minecraft:iron_sword":4,"minecraft:wooden_axe":3,"minecraft:iron_hoe":1,"minecraft:iron_axe":3,"minecraft:iron_pickaxe":1},"minecraft:killed_by":{"minecraft:player":2},"minecraft:picked_up":{"minecraft:wooden_axe":1,"minecraft:seagrass":4,"minecraft:iron_chestplate":2,"minecraft:anvil":2,"minecraft:flower_pot":8,"gnumus:gnumus_claw":50,"minecraft:oak_stairs":35,"minecraft:brewing_stand":1,"minecraft:amethyst_block":5,"minecraft:raw_copper":1,"minecraft:string":103,"minecraft:iron_leggings":1,"minecraft:cobbled_deepslate":34,"gnumus:packaged_goods":54,"minecraft:azalea":16,"minecraft:iron_pickaxe":2,"minecraft:melon_slice":24,"minecraft:iron_boots":1,"minecraft:furnace":4,"minecraft:stick":122,"minecraft:oak_fence":17,"minecraft:torch":112,"travelersbackpack:iron_tier_upgrade":1,"minecraft:porkchop":186,"minecraft:cherry_log":276,"minecraft:pointed_dripstone":5,"gnumus:grilled_juicy_meat":30,"minecraft:cauldron":3,"minecraft:brown_carpet":1,"gnumus:wrapper_with_goods":2,"gnumus:vintage_metal":4,"minecraft:cactus":4,"minecraft:rotten_flesh":11,"minecraft:tropical_fish":1,"gnumus:gnumus_chickpeas":49,"minecraft:obsidian":11,"minecraft:cod":14,"minecraft:cobblestone":140,"minecraft:birch_log":201,"minecraft:pink_petals":1,"gnumus:gnumus_doubloons":52,"minecraft:feather":38,"minecraft:cherry_planks":18,"gnumus:overripe_carrot":30,"minecraft:brown_wool":3,"minecraft:smoker":2,"minecraft:tuff":2,"travelersbackpack:gold_tier_upgrade":1,"minecraft:lapis_lazuli":43,"minecraft:dirt":260,"minecraft:lantern":1,"gnumus:gnumus_pouch_2":11,"minecraft:name_tag":4,"minecraft:glass":2,"minecraft:bone":23,"minecraft:bow":1,"minecraft:stonecutter":2,"minecraft:wheat_seeds":50,"minecraft:raw_gold":14,"minecraft:bell":1,"minecraft:grindstone":1,"minecraft:rabbit":6,"minecraft:glowstone_dust":1,"minecraft:moss_block":6,"minecraft:oak_planks":3500,"minecraft:cooked_porkchop":18,"minecraft:sand":7,"minecraft:dead_bush":5,"minecraft:cyan_bed":2,"minecraft:dark_oak_log":309,"travelersbackpack:white_sleeping_bag":16,"minecraft:iron_hoe":4,"gnumus:vintage_parts":23,"minecraft:diamond":5,"gnumus:gnumus_clay":68,"waystones:waystone":2,"minecraft:emerald":15,"minecraft:oak_sapling":113,"minecraft:netherrack":159,"minecraft:dark_oak_fence":5,"minecraft:diamond_pickaxe":2,"minecraft:crafting_table":2,"minecraft:chicken":41,"minecraft:clay_ball":4,"minecraft:wooden_pickaxe":1,"minecraft:iron_axe":5,"minecraft:wooden_sword":1,"minecraft:flint_and_steel":1,"minecraft:iron_shovel":2,"minecraft:cartography_table":2,"minecraft:beef":77,"minecraft:light_gray_wool":2,"minecraft:lectern":1,"minecraft:chest":1,"minecraft:birch_sapling":9,"minecraft:egg":1,"minecraft:dark_oak_sapling":18,"minecraft:raw_iron":36,"minecraft:sandstone":21,"minecraft:oak_door":2,"gnumus:juicy_meat":45,"minecraft:redstone":294,"minecraft:arrow":26,"minecraft:diamond_chestplate":1,"minecraft:peony":1,"minecraft:hay_block":36,"minecraft:gold_ingot":12,"gnumus:gnumus_pouch_3":2,"gnumus:mouse_skin":39,"minecraft:glow_berries":9,"minecraft:mutton":68,"minecraft:skeleton_skull":1,"minecraft:white_wool":42,"minecraft:golden_carrot":9,"minecraft:leather":66,"minecraft:red_mushroom":1,"gnumus:gnumus_pouch":13,"minecraft:birch_planks":43,"waystones:sandy_waystone":2,"minecraft:oak_log":110,"minecraft:gunpowder":3,"minecraft:paper":58,"minecraft:cooked_mutton":4,"minecraft:apple":24,"gnumus:gnumus_horn":6,"minecraft:rabbit_hide":2,"minecraft:iron_ingot":15,"minecraft:soul_sand":1,"minecraft:iron_sword":4,"minecraft:flowering_azalea":13,"minecraft:book":27,"minecraft:birch_boat":2,"minecraft:pumpkin":9,"minecraft:sweet_berries":33,"minecraft:chiseled_stone_bricks":2,"gnumus:vintage_alloy_ingot":1,"minecraft:quartz":78,"minecraft:spyglass":1,"minecraft:raw_iron_block":4,"minecraft:dripstone_block":19,"minecraft:amethyst_shard":8,"gnumus:gnumus_cheese":11,"minecraft:white_bed":1,"minecraft:crying_obsidian":2,"minecraft:spider_eye":14,"travelersbackpack:standard":3,"minecraft:iron_helmet":1,"minecraft:cherry_sapling":118,"minecraft:gray_wool":4,"minecraft:black_wool":2,"minecraft:melon_seeds":3,"gnumus:vintage_gnumus_cutlass":1,"minecraft:coal":33,"minecraft:ender_pearl":3},"minecraft:crafted":{"minecraft:oak_planks":272,"gnumus:grilled_juicy_meat":29,"minecraft:cooked_mutton":6,"minecraft:glass":56,"minecraft:bow":2,"minecraft:chest":67,"minecraft:oak_fence":39,"minecraft:smoker":1,"minecraft:wooden_shovel":3,"minecraft:cooked_porkchop":35,"minecraft:crafting_table":5,"minecraft:wooden_pickaxe":1,"minecraft:birch_planks":52,"travelersbackpack:skeleton":1,"minecraft:stick":156,"minecraft:iron_ingot":31,"minecraft:iron_pickaxe":1,"minecraft:stone_sword":1,"minecraft:shears":1,"minecraft:cherry_planks":148,"minecraft:wooden_sword":1,"minecraft:oak_door":3,"minecraft:leather_boots":1,"minecraft:furnace":1,"minecraft:dark_oak_fence":186,"travelersbackpack:white_sleeping_bag":2,"minecraft:iron_axe":1,"minecraft:stone_pickaxe":1,"minecraft:dark_oak_planks":628,"minecraft:cooked_beef":8,"minecraft:iron_sword":5,"minecraft:stone_axe":3,"minecraft:air":0,"minecraft:wooden_axe":3,"minecraft:oak_stairs":84,"minecraft:iron_shovel":1,"minecraft:white_bed":1,"minecraft:torch":12},"minecraft:mined":{"minecraft:white_bed":1,"minecraft:sculk_vein":60,"minecraft:cherry_log":109,"minecraft:potted_cactus":4,"minecraft:brewing_stand":1,"minecraft:obsidian":13,"minecraft:potted_dead_bush":6,"minecraft:cave_vines_plant":2,"minecraft:granite":1,"minecraft:budding_amethyst":2,"minecraft:grass_block":165,"minecraft:brown_wool":1,"minecraft:soul_soil":27,"minecraft:chiseled_stone_bricks":1,"minecraft:spawner":1,"minecraft:magma_block":17,"minecraft:sculk_catalyst":3,"minecraft:iron_ore":3,"minecraft:fire":63,"minecraft:cobbled_deepslate":3,"minecraft:anvil":2,"minecraft:pumpkin":9,"minecraft:deepslate_lapis_ore":3,"minecraft:pointed_dripstone":3,"minecraft:cave_vines":2,"minecraft:water_cauldron":2,"minecraft:dirt_path":3,"minecraft:oak_stairs":37,"minecraft:iron_bars":7,"minecraft:azalea":14,"minecraft:spruce_slab":3,"minecraft:deepslate_redstone_ore":21,"minecraft:blackstone":1,"minecraft:smoker":1,"minecraft:medium_amethyst_bud":1,"minecraft:clay":1,"minecraft:torch":14,"minecraft:melon":3,"minecraft:chest":1,"minecraft:nether_quartz_ore":2,"minecraft:cobblestone":23,"minecraft:grindstone":1,"minecraft:cyan_bed":2,"minecraft:oak_planks":287,"minecraft:wall_torch":9,"minecraft:amethyst_block":6,"minecraft:cauldron":1,"minecraft:birch_log":50,"minecraft:stone_brick_stairs":2,"minecraft:grass":52,"minecraft:oak_log":78,"minecraft:sand":23,"minecraft:dirt":84,"minecraft:red_mushroom_block":1,"minecraft:stonecutter":1,"minecraft:netherrack":580,"minecraft:oak_leaves":23,"minecraft:deepslate":30,"minecraft:nether_gold_ore":1,"minecraft:crying_obsidian":4,"minecraft:tuff":2,"minecraft:dark_oak_leaves":80,"minecraft:deepslate_diamond_ore":1,"minecraft:oak_door":1,"minecraft:dark_oak_log":390,"minecraft:dark_oak_fence":5,"minecraft:allium":2,"minecraft:potted_azalea_bush":1,"travelersbackpack:white_sleeping_bag":13,"minecraft:moss_block":2,"minecraft:cartography_table":2,"minecraft:sandstone":219,"minecraft:hay_block":39,"minecraft:furnace":4,"minecraft:bell":1,"minecraft:bookshelf":9,"minecraft:deepslate_iron_ore":9,"minecraft:lantern":1,"gnumus:fragile_gnumus_jug":26,"minecraft:stone":108,"minecraft:flowering_azalea":13,"minecraft:glass_pane":5,"minecraft:cherry_planks":7,"minecraft:soul_sand":69,"minecraft:brown_carpet":2,"minecraft:basalt":19,"travelersbackpack:standard":1,"minecraft:oak_fence":21,"minecraft:crafting_table":2,"minecraft:lectern":1,"minecraft:tall_grass":2,"minecraft:deepslate_gold_ore":4,"minecraft:sculk":450,"minecraft:birch_planks":18,"minecraft:birch_leaves":58,"minecraft:coal_ore":2,"minecraft:dripstone_block":1,"minecraft:cobweb":93,"minecraft:cracked_stone_bricks":1},"minecraft:dropped":{"minecraft:iron_sword":3,"minecraft:soul_sand":1,"minecraft:oak_log":29,"travelersbackpack:iron_tier_upgrade":1,"minecraft:saddle":1,"travelersbackpack:standard":1,"minecraft:red_mushroom":1,"minecraft:seagrass":4,"minecraft:sand":7,"minecraft:iron_pickaxe":3,"gnumus:grilled_juicy_meat":14,"gnumus:wrapper_with_goods":1,"minecraft:gold_ingot":6,"minecraft:obsidian":4,"minecraft:rotten_flesh":5,"minecraft:oak_planks":193,"minecraft:chiseled_stone_bricks":2,"gnumus:gnumus_doubloons":1,"travelersbackpack:gold_tier_upgrade":1,"minecraft:gunpowder":2,"travelersbackpack:white_sleeping_bag":1,"minecraft:skeleton_skull":1,"minecraft:melon_seeds":1,"minecraft:chest":2,"minecraft:arrow":5,"gnumus:vintage_parts":24,"minecraft:crying_obsidian":2,"minecraft:iron_ingot":2,"gnumus:gnumus_cutlass":1,"minecraft:wheat_seeds":4,"minecraft:cherry_log":107,"minecraft:golden_horse_armor":1,"minecraft:iron_helmet":1,"minecraft:cobblestone":54,"minecraft:torch":1,"minecraft:melon_slice":5,"minecraft:brown_wool":2,"minecraft:cherry_planks":8,"minecraft:oak_stairs":1,"minecraft:iron_axe":3,"minecraft:string":2,"gnumus:vintage_alloy_ingot":1,"gnumus:vintage_metal":7,"minecraft:iron_hoe":1,"minecraft:flint_and_steel":1,"minecraft:diamond_chestplate":1,"minecraft:peony":1,"minecraft:diamond_pickaxe":1,"minecraft:oak_sapling":11,"minecraft:spider_eye":2,"minecraft:birch_boat":1,"minecraft:sandstone":21,"minecraft:bow":1},"minecraft:custom":{"minecraft:interact_with_crafting_table":71,"minecraft:open_barrel":3,"minecraft:bell_ring":32,"minecraft:leave_game":4,"minecraft:time_since_death":134032,"minecraft:sprint_one_cm":1970248,"minecraft:drop":79,"minecraft:talked_to_villager":5,"minecraft:play_time":685030,"minecraft:deaths":3,"minecraft:jump":7304,"minecraft:walk_on_water_one_cm":47803,"minecraft:interact_with_furnace":38,"minecraft:sleep_in_bed":22,"minecraft:waystone_activated":8,"minecraft:damage_dealt":35305,"minecraft:player_kills":1,"minecraft:crouch_one_cm":56366,"minecraft:interact_with_smoker":44,"minecraft:horse_one_cm":1088540,"minecraft:interact_with_smithing_table":1,"minecraft:mob_kills":292,"minecraft:interact_with_campfire":6,"minecraft:damage_dealt_resisted":160,"minecraft:climb_one_cm":1482,"minecraft:walk_one_cm":2112741,"minecraft:sneak_time":16976,"minecraft:walk_under_water_one_cm":23989,"minecraft:boat_one_cm":35597,"minecraft:interact_with_blast_furnace":6,"minecraft:total_world_time":685030,"minecraft:pot_flower":3,"minecraft:time_since_rest":2532,"minecraft:damage_taken":9152,"minecraft:swim_one_cm":24149,"minecraft:fly_one_cm":917927,"minecraft:open_chest":433,"minecraft:fall_one_cm":171350},"minecraft:killed":{"minecraft:cave_spider":10,"minecraft:witch":1,"minecraft:spider":10,"minecraft:skeleton":11,"minecraft:chicken":36,"gnumus:pitcher_mousse":12,"minecraft:turtle":4,"minecraft:skeleton_horse":1,"minecraft:pig":77,"gnumus:gnumus_shaman":3,"gnumus:big_snout":9,"minecraft:creeper":1,"gnumus:marsupial_mousse":3,"minecraft:sheep":51,"minecraft:zombie":12,"minecraft:cow":36,"minecraft:horse":1,"gnumus:gnumus_worker":4,"gnumus:gnumus_hunter":4,"gnumus:gnumus_hunter_not_dispawn":5,"minecraft:enderman":1},"minecraft:used":{"minecraft:cherry_sapling":5,"minecraft:iron_shovel":326,"minecraft:chest":63,"minecraft:iron_sword":867,"minecraft:obsidian":6,"minecraft:glass":56,"minecraft:sweet_berries":16,"minecraft:oak_sapling":95,"minecraft:furnace":4,"gnumus:grilled_juicy_meat":21,"minecraft:oak_planks":2256,"minecraft:stone_pickaxe":6,"minecraft:wooden_pickaxe":51,"minecraft:dripstone_block":1,"waystones:waystone":2,"minecraft:dark_oak_log":16,"minecraft:cyan_bed":2,"minecraft:bread":21,"minecraft:lectern":1,"minecraft:wooden_sword":58,"minecraft:grindstone":1,"minecraft:dark_oak_fence":177,"gnumus:juicy_meat":8,"travelersbackpack:skeleton":1,"minecraft:azalea":14,"minecraft:oak_fence":10,"minecraft:stone_sword":84,"minecraft:flint_and_steel":39,"minecraft:tropical_fish":1,"minecraft:wooden_shovel":118,"minecraft:netherrack":135,"minecraft:oak_door":4,"minecraft:torch":102,"minecraft:brewing_stand":1,"minecraft:dirt":136,"minecraft:spyglass":49,"minecraft:anvil":2,"minecraft:iron_hoe":411,"minecraft:wooden_axe":186,"minecraft:flowering_azalea":13,"minecraft:iron_axe":639,"minecraft:oak_stairs":74,"minecraft:cobbled_deepslate":34,"minecraft:cooked_mutton":6,"minecraft:birch_planks":9,"minecraft:cartography_table":2,"minecraft:birch_boat":1,"minecraft:cherry_planks":4,"minecraft:cauldron":2,"minecraft:stonecutter":1,"minecraft:crafting_table":7,"minecraft:white_bed":1,"minecraft:smoker":3,"minecraft:oak_log":4,"minecraft:flower_pot":1,"minecraft:diamond_pickaxe":668,"minecraft:apple":17,"minecraft:iron_pickaxe":576,"travelersbackpack:white_sleeping_bag":15,"minecraft:stone_axe":250,"minecraft:pink_petals":1,"minecraft:cobblestone":68,"travelersbackpack:standard":3,"minecraft:cooked_porkchop":49,"minecraft:porkchop":40}},"DataVersion":3465}