{"stats":{"minecraft:broken":{"minecraft:iron_axe":2,"minecraft:wooden_sword":1,"minecraft:stone_axe":1,"minecraft:iron_sword":3,"minecraft:iron_pickaxe":1,"minecraft:wooden_axe":3,"minecraft:iron_hoe":1},"minecraft:killed_by":{"minecraft:player":2},"minecraft:picked_up":{"minecraft:wooden_axe":1,"minecraft:seagrass":4,"minecraft:crafting_table":2,"minecraft:iron_chestplate":1,"minecraft:chicken":27,"minecraft:clay_ball":4,"minecraft:anvil":2,"gnumus:gnumus_claw":10,"minecraft:wooden_pickaxe":1,"minecraft:oak_stairs":35,"minecraft:amethyst_block":5,"minecraft:string":94,"minecraft:raw_copper":1,"minecraft:iron_axe":5,"minecraft:wooden_sword":1,"minecraft:flint_and_steel":1,"minecraft:cobbled_deepslate":34,"gnumus:packaged_goods":8,"minecraft:beef":72,"minecraft:azalea":14,"minecraft:light_gray_wool":1,"minecraft:chest":1,"minecraft:birch_sapling":9,"minecraft:egg":1,"minecraft:furnace":4,"minecraft:dark_oak_sapling":18,"minecraft:stick":122,"minecraft:raw_iron":36,"gnumus:juicy_meat":32,"minecraft:oak_fence":17,"minecraft:torch":84,"travelersbackpack:iron_tier_upgrade":1,"minecraft:porkchop":137,"minecraft:cherry_log":103,"minecraft:pointed_dripstone":5,"minecraft:redstone":294,"gnumus:grilled_juicy_meat":9,"minecraft:cauldron":3,"minecraft:brown_carpet":1,"gnumus:wrapper_with_goods":2,"minecraft:arrow":5,"minecraft:rotten_flesh":3,"minecraft:diamond_chestplate":1,"minecraft:tropical_fish":1,"gnumus:gnumus_chickpeas":11,"minecraft:gold_ingot":6,"gnumus:gnumus_pouch_3":1,"gnumus:mouse_skin":3,"minecraft:glow_berries":6,"minecraft:mutton":56,"minecraft:skeleton_skull":1,"minecraft:cod":2,"minecraft:cobblestone":125,"minecraft:white_wool":38,"minecraft:birch_log":201,"gnumus:gnumus_doubloons":14,"minecraft:feather":25,"gnumus:overripe_carrot":6,"minecraft:leather":40,"minecraft:smoker":1,"gnumus:gnumus_pouch":3,"minecraft:birch_planks":43,"minecraft:tuff":2,"minecraft:oak_log":90,"minecraft:gunpowder":1,"travelersbackpack:gold_tier_upgrade":1,"minecraft:lapis_lazuli":43,"minecraft:paper":3,"minecraft:dirt":86,"gnumus:gnumus_pouch_2":1,"minecraft:cooked_mutton":4,"minecraft:glass":2,"minecraft:bone":10,"minecraft:apple":18,"gnumus:gnumus_horn":2,"minecraft:stonecutter":1,"minecraft:wheat_seeds":34,"minecraft:raw_gold":14,"minecraft:bell":1,"minecraft:rabbit_hide":2,"minecraft:iron_ingot":11,"minecraft:moss_block":6,"minecraft:flowering_azalea":13,"minecraft:oak_planks":3491,"minecraft:iron_sword":3,"minecraft:cooked_porkchop":14,"minecraft:pumpkin":9,"minecraft:sweet_berries":1,"minecraft:dripstone_block":4,"minecraft:amethyst_shard":2,"gnumus:gnumus_cheese":1,"minecraft:spider_eye":7,"minecraft:dark_oak_log":287,"travelersbackpack:standard":2,"travelersbackpack:white_sleeping_bag":15,"minecraft:iron_hoe":3,"minecraft:diamond":5,"gnumus:gnumus_clay":15,"minecraft:iron_helmet":1,"minecraft:cherry_sapling":59,"minecraft:gray_wool":4,"minecraft:emerald":3,"minecraft:melon_seeds":2,"minecraft:oak_sapling":113,"minecraft:black_wool":2,"minecraft:dark_oak_fence":4,"minecraft:coal":11,"minecraft:diamond_pickaxe":1},"minecraft:mined":{"minecraft:tuff":2,"minecraft:dark_oak_leaves":80,"minecraft:deepslate_diamond_ore":1,"minecraft:cherry_log":109,"minecraft:sculk_vein":60,"minecraft:dark_oak_log":307,"minecraft:granite":1,"minecraft:budding_amethyst":2,"minecraft:cave_vines_plant":2,"minecraft:dark_oak_fence":4,"minecraft:potted_dead_bush":1,"minecraft:allium":2,"minecraft:grass_block":29,"minecraft:potted_azalea_bush":1,"travelersbackpack:white_sleeping_bag":13,"minecraft:moss_block":2,"minecraft:spawner":1,"minecraft:sculk_catalyst":3,"minecraft:furnace":4,"minecraft:cobbled_deepslate":3,"minecraft:iron_ore":3,"minecraft:fire":2,"minecraft:deepslate_lapis_ore":3,"minecraft:pumpkin":9,"minecraft:anvil":2,"minecraft:bell":1,"minecraft:dirt_path":1,"minecraft:water_cauldron":2,"minecraft:pointed_dripstone":3,"minecraft:cave_vines":2,"minecraft:deepslate_iron_ore":9,"minecraft:oak_stairs":37,"gnumus:fragile_gnumus_jug":18,"minecraft:azalea":14,"minecraft:stone":107,"minecraft:spruce_slab":3,"minecraft:deepslate_redstone_ore":21,"minecraft:flowering_azalea":13,"minecraft:medium_amethyst_bud":1,"minecraft:smoker":1,"minecraft:brown_carpet":2,"minecraft:clay":1,"minecraft:oak_fence":21,"minecraft:crafting_table":2,"minecraft:torch":11,"minecraft:chest":1,"minecraft:tall_grass":2,"minecraft:cobblestone":23,"minecraft:deepslate_gold_ore":4,"minecraft:oak_planks":279,"minecraft:sculk":450,"minecraft:wall_torch":9,"minecraft:amethyst_block":6,"minecraft:cauldron":1,"minecraft:birch_planks":18,"minecraft:birch_log":44,"minecraft:birch_leaves":52,"minecraft:grass":38,"minecraft:coal_ore":2,"minecraft:oak_log":74,"minecraft:dripstone_block":1,"minecraft:dirt":46,"minecraft:cobweb":93,"minecraft:stonecutter":1,"minecraft:deepslate":30,"minecraft:oak_leaves":23},"minecraft:crafted":{"minecraft:wooden_sword":1,"minecraft:oak_door":3,"minecraft:oak_planks":208,"gnumus:grilled_juicy_meat":17,"minecraft:leather_boots":1,"minecraft:furnace":1,"minecraft:cooked_mutton":6,"minecraft:glass":56,"minecraft:dark_oak_fence":186,"travelersbackpack:white_sleeping_bag":2,"minecraft:iron_axe":1,"minecraft:stone_pickaxe":1,"minecraft:chest":58,"minecraft:dark_oak_planks":628,"minecraft:oak_fence":39,"minecraft:smoker":1,"minecraft:cooked_beef":8,"minecraft:cooked_porkchop":35,"minecraft:crafting_table":4,"minecraft:wooden_pickaxe":1,"minecraft:iron_sword":3,"minecraft:birch_planks":52,"minecraft:stone_axe":3,"minecraft:air":0,"minecraft:stick":140,"minecraft:iron_ingot":31,"minecraft:iron_pickaxe":1,"minecraft:oak_stairs":84,"minecraft:wooden_axe":3,"minecraft:stone_sword":1,"minecraft:iron_shovel":1,"minecraft:white_bed":1,"minecraft:torch":12,"minecraft:shears":1},"minecraft:dropped":{"minecraft:iron_ingot":2,"minecraft:iron_sword":2,"minecraft:oak_log":29,"minecraft:iron_helmet":1,"minecraft:cobblestone":54,"travelersbackpack:iron_tier_upgrade":1,"travelersbackpack:standard":1,"minecraft:torch":1,"minecraft:seagrass":4,"minecraft:oak_stairs":1,"minecraft:iron_axe":3,"minecraft:iron_pickaxe":1,"gnumus:grilled_juicy_meat":14,"gnumus:wrapper_with_goods":1,"minecraft:gold_ingot":6,"minecraft:oak_planks":193,"minecraft:iron_hoe":1,"minecraft:flint_and_steel":1,"travelersbackpack:gold_tier_upgrade":1,"minecraft:diamond_chestplate":1,"minecraft:skeleton_skull":1,"travelersbackpack:white_sleeping_bag":1,"minecraft:diamond_pickaxe":1,"minecraft:oak_sapling":11,"minecraft:chest":2},"minecraft:custom":{"minecraft:interact_with_smithing_table":1,"minecraft:mob_kills":218,"minecraft:open_barrel":3,"minecraft:interact_with_crafting_table":61,"minecraft:interact_with_campfire":2,"minecraft:damage_dealt_resisted":160,"minecraft:leave_game":4,"minecraft:time_since_death":416210,"minecraft:climb_one_cm":1482,"minecraft:sprint_one_cm":1376333,"minecraft:walk_one_cm":1385817,"minecraft:drop":35,"minecraft:talked_to_villager":4,"minecraft:play_time":421030,"minecraft:deaths":2,"minecraft:sneak_time":15728,"minecraft:walk_under_water_one_cm":5586,"minecraft:jump":5234,"minecraft:interact_with_blast_furnace":6,"minecraft:walk_on_water_one_cm":27815,"minecraft:total_world_time":421030,"minecraft:interact_with_furnace":38,"minecraft:pot_flower":2,"minecraft:sleep_in_bed":20,"minecraft:time_since_rest":64150,"minecraft:damage_taken":6688,"minecraft:damage_dealt":23874,"minecraft:swim_one_cm":13251,"minecraft:fly_one_cm":610939,"minecraft:open_chest":272,"minecraft:crouch_one_cm":51590,"minecraft:interact_with_smoker":33,"minecraft:fall_one_cm":129054,"minecraft:horse_one_cm":7979},"minecraft:killed":{"minecraft:cave_spider":10,"minecraft:spider":5,"minecraft:horse":1,"minecraft:skeleton":5,"gnumus:gnumus_worker":2,"minecraft:chicken":28,"gnumus:pitcher_mousse":10,"minecraft:turtle":4,"minecraft:pig":58,"gnumus:gnumus_shaman":1,"gnumus:big_snout":7,"gnumus:marsupial_mousse":3,"minecraft:sheep":45,"minecraft:zombie":5,"minecraft:cow":34},"minecraft:used":{"minecraft:azalea":12,"minecraft:oak_fence":10,"minecraft:stone_sword":84,"minecraft:iron_shovel":152,"minecraft:tropical_fish":1,"minecraft:chest":57,"minecraft:iron_sword":624,"minecraft:oak_door":2,"minecraft:torch":93,"minecraft:dirt":10,"minecraft:anvil":2,"minecraft:glass":56,"minecraft:iron_hoe":407,"minecraft:wooden_axe":186,"minecraft:flowering_azalea":13,"minecraft:iron_axe":485,"minecraft:oak_stairs":74,"minecraft:sweet_berries":16,"minecraft:furnace":4,"minecraft:oak_sapling":95,"minecraft:cobbled_deepslate":34,"gnumus:grilled_juicy_meat":12,"minecraft:cooked_mutton":6,"minecraft:birch_planks":9,"minecraft:stone_pickaxe":6,"minecraft:oak_planks":2242,"minecraft:wooden_pickaxe":51,"minecraft:cauldron":1,"minecraft:crafting_table":6,"minecraft:white_bed":1,"minecraft:dripstone_block":1,"minecraft:smoker":2,"minecraft:apple":15,"minecraft:dark_oak_log":16,"minecraft:bread":9,"minecraft:iron_pickaxe":333,"travelersbackpack:white_sleeping_bag":15,"minecraft:stone_axe":250,"minecraft:wooden_sword":58,"minecraft:cobblestone":68,"travelersbackpack:standard":2,"minecraft:porkchop":5,"minecraft:cooked_porkchop":49,"minecraft:dark_oak_fence":134}},"DataVersion":3465}