{"stats":{"minecraft:broken":{"minecraft:wooden_sword":1,"minecraft:stone_axe":1,"minecraft:wooden_axe":3},"minecraft:killed_by":{"minecraft:player":2},"minecraft:picked_up":{"minecraft:wooden_axe":1,"minecraft:crafting_table":2,"minecraft:iron_chestplate":1,"gnumus:gnumus_claw":7,"minecraft:wooden_pickaxe":1,"minecraft:oak_stairs":33,"minecraft:string":1,"minecraft:raw_copper":1,"minecraft:iron_axe":3,"minecraft:wooden_sword":1,"minecraft:flint_and_steel":1,"minecraft:beef":13,"minecraft:light_gray_wool":1,"minecraft:birch_sapling":5,"minecraft:egg":1,"minecraft:furnace":4,"minecraft:dark_oak_sapling":1,"minecraft:stick":69,"minecraft:raw_iron":1,"gnumus:juicy_meat":13,"minecraft:oak_fence":17,"minecraft:torch":74,"minecraft:porkchop":65,"minecraft:pointed_dripstone":5,"minecraft:arrow":1,"minecraft:rotten_flesh":3,"minecraft:diamond_chestplate":1,"gnumus:gnumus_chickpeas":5,"minecraft:gold_ingot":6,"gnumus:gnumus_pouch_3":1,"gnumus:mouse_skin":2,"minecraft:glow_berries":6,"minecraft:mutton":28,"minecraft:cod":2,"minecraft:cobblestone":119,"minecraft:white_wool":15,"minecraft:birch_log":188,"gnumus:gnumus_doubloons":7,"minecraft:leather":7,"minecraft:smoker":1,"minecraft:birch_planks":43,"minecraft:oak_log":85,"minecraft:gunpowder":1,"minecraft:dirt":43,"gnumus:gnumus_pouch_2":1,"minecraft:cooked_mutton":4,"minecraft:bone":4,"minecraft:apple":7,"gnumus:gnumus_horn":1,"minecraft:wheat_seeds":7,"minecraft:rabbit_hide":2,"minecraft:iron_ingot":2,"minecraft:oak_planks":3435,"minecraft:iron_sword":1,"minecraft:cooked_porkchop":14,"minecraft:pumpkin":9,"minecraft:dripstone_block":1,"minecraft:dark_oak_log":35,"travelersbackpack:white_sleeping_bag":14,"minecraft:diamond":2,"minecraft:iron_helmet":1,"minecraft:gray_wool":1,"minecraft:oak_sapling":108,"minecraft:black_wool":2,"minecraft:coal":3,"minecraft:diamond_pickaxe":1},"minecraft:mined":{"minecraft:dark_oak_leaves":80,"minecraft:dark_oak_log":40,"minecraft:potted_dead_bush":1,"minecraft:allium":2,"minecraft:grass_block":14,"minecraft:potted_azalea_bush":1,"travelersbackpack:white_sleeping_bag":12,"minecraft:furnace":4,"minecraft:iron_ore":1,"minecraft:pumpkin":9,"minecraft:pointed_dripstone":2,"minecraft:oak_stairs":35,"gnumus:fragile_gnumus_jug":13,"minecraft:stone":107,"minecraft:spruce_slab":2,"minecraft:smoker":1,"minecraft:brown_carpet":1,"minecraft:oak_fence":21,"minecraft:crafting_table":2,"minecraft:torch":9,"minecraft:cobblestone":23,"minecraft:oak_planks":217,"minecraft:wall_torch":5,"minecraft:birch_planks":18,"minecraft:birch_log":12,"minecraft:birch_leaves":4,"minecraft:grass":13,"minecraft:oak_log":74,"minecraft:dripstone_block":1,"minecraft:dirt":16,"minecraft:oak_leaves":19},"minecraft:crafted":{"minecraft:wooden_sword":1,"minecraft:oak_door":3,"minecraft:oak_planks":208,"gnumus:grilled_juicy_meat":13,"minecraft:leather_boots":1,"minecraft:furnace":1,"minecraft:cooked_mutton":6,"minecraft:dark_oak_fence":90,"travelersbackpack:white_sleeping_bag":2,"minecraft:stone_pickaxe":1,"minecraft:chest":6,"minecraft:dark_oak_planks":132,"minecraft:oak_fence":39,"minecraft:smoker":1,"minecraft:cooked_porkchop":28,"minecraft:crafting_table":3,"minecraft:wooden_pickaxe":1,"minecraft:birch_planks":52,"minecraft:stone_axe":1,"minecraft:stick":44,"minecraft:iron_ingot":20,"minecraft:iron_pickaxe":1,"minecraft:oak_stairs":68,"minecraft:wooden_axe":3,"minecraft:stone_sword":1,"minecraft:iron_shovel":1,"minecraft:torch":12},"minecraft:dropped":{"minecraft:iron_ingot":2,"minecraft:oak_log":29,"minecraft:iron_helmet":1,"minecraft:cobblestone":54,"minecraft:oak_stairs":1,"minecraft:iron_axe":2,"minecraft:iron_pickaxe":1,"minecraft:gold_ingot":6,"minecraft:oak_planks":192,"minecraft:flint_and_steel":1,"minecraft:diamond_chestplate":1,"travelersbackpack:white_sleeping_bag":1,"minecraft:diamond_pickaxe":1,"minecraft:oak_sapling":11,"minecraft:chest":2},"minecraft:custom":{"minecraft:mob_kills":60,"minecraft:interact_with_crafting_table":44,"minecraft:interact_with_campfire":2,"minecraft:damage_dealt_resisted":100,"minecraft:leave_game":4,"minecraft:time_since_death":212210,"minecraft:climb_one_cm":1401,"minecraft:sprint_one_cm":624750,"minecraft:walk_one_cm":713071,"minecraft:drop":19,"minecraft:play_time":217030,"minecraft:deaths":2,"minecraft:sneak_time":4615,"minecraft:walk_under_water_one_cm":2250,"minecraft:jump":2248,"minecraft:walk_on_water_one_cm":14829,"minecraft:total_world_time":217030,"minecraft:interact_with_furnace":13,"minecraft:sleep_in_bed":19,"minecraft:time_since_rest":23966,"minecraft:damage_taken":3925,"minecraft:damage_dealt":7153,"minecraft:swim_one_cm":8795,"minecraft:fly_one_cm":219834,"minecraft:open_chest":69,"minecraft:crouch_one_cm":14051,"minecraft:interact_with_smoker":23,"minecraft:fall_one_cm":61043},"minecraft:killed":{"minecraft:spider":1,"minecraft:skeleton":1,"gnumus:gnumus_worker":1,"gnumus:pitcher_mousse":7,"minecraft:pig":18,"gnumus:gnumus_shaman":1,"gnumus:big_snout":3,"gnumus:marsupial_mousse":2,"minecraft:sheep":20,"minecraft:zombie":2,"minecraft:cow":4},"minecraft:used":{"minecraft:oak_fence":10,"minecraft:stone_sword":84,"minecraft:iron_shovel":114,"minecraft:chest":4,"minecraft:iron_sword":110,"minecraft:oak_door":2,"minecraft:torch":14,"minecraft:dirt":3,"minecraft:wooden_axe":186,"minecraft:iron_axe":91,"minecraft:oak_stairs":61,"minecraft:furnace":4,"minecraft:oak_sapling":95,"minecraft:cooked_mutton":6,"minecraft:birch_planks":9,"minecraft:stone_pickaxe":6,"minecraft:oak_planks":1659,"minecraft:wooden_pickaxe":51,"minecraft:crafting_table":5,"minecraft:dripstone_block":1,"minecraft:smoker":2,"minecraft:apple":6,"minecraft:iron_pickaxe":127,"travelersbackpack:white_sleeping_bag":14,"minecraft:stone_axe":134,"minecraft:wooden_sword":58,"minecraft:cobblestone":68,"minecraft:cooked_porkchop":35,"minecraft:dark_oak_fence":73}},"DataVersion":3465}