{"stats":{"minecraft:broken":{"minecraft:wooden_axe":1},"minecraft:custom":{"minecraft:time_since_rest":5476,"minecraft:interact_with_furnace":10,"minecraft:sprint_one_cm":79269,"minecraft:damage_taken":404,"minecraft:walk_one_cm":70469,"minecraft:mob_kills":15,"minecraft:drop":3,"minecraft:damage_dealt":940,"minecraft:swim_one_cm":11420,"minecraft:interact_with_crafting_table":10,"minecraft:fly_one_cm":62168,"minecraft:crouch_one_cm":57,"minecraft:play_time":30460,"minecraft:deaths":1,"minecraft:sneak_time":126,"minecraft:walk_under_water_one_cm":4782,"minecraft:jump":444,"minecraft:leave_game":2,"minecraft:time_since_death":29799,"minecraft:walk_on_water_one_cm":10016,"minecraft:sleep_in_bed":3,"minecraft:total_world_time":30460,"minecraft:fall_one_cm":9364},"minecraft:mined":{"minecraft:white_bed":3,"minecraft:furnace":1,"minecraft:iron_ore":2,"minecraft:birch_log":23,"minecraft:birch_leaves":1,"minecraft:azure_bluet":1,"minecraft:crafting_table":1,"minecraft:granite":5,"minecraft:grass":1,"minecraft:oak_log":29,"minecraft:coal_ore":4,"minecraft:stone":68,"minecraft:diorite":15,"minecraft:oak_leaves":1},"minecraft:crafted":{"minecraft:crafting_table":1,"minecraft:stick":8,"minecraft:wooden_pickaxe":1,"minecraft:iron_ingot":8,"minecraft:iron_pickaxe":1,"minecraft:stone_pickaxe":1,"minecraft:wooden_axe":1,"minecraft:furnace":1,"minecraft:white_bed":1,"minecraft:torch":16,"minecraft:birch_planks":20,"minecraft:stone_axe":1,"minecraft:air":0,"minecraft:cooked_mutton":7},"minecraft:used":{"minecraft:cooked_mutton":3,"minecraft:wooden_axe":58,"minecraft:diorite":7,"minecraft:stone_pickaxe":82,"minecraft:birch_sapling":1,"minecraft:wooden_pickaxe":13,"minecraft:stone_axe":20,"minecraft:torch":8,"minecraft:crafting_table":1,"minecraft:furnace":1,"minecraft:oak_sapling":9,"minecraft:white_bed":3},"minecraft:killed_by":{"minecraft:player":1},"minecraft:dropped":{"travelersbackpack:white_sleeping_bag":1,"minecraft:cooked_mutton":2},"minecraft:killed":{"minecraft:sheep":5,"minecraft:pig":2,"minecraft:salmon":8},"minecraft:picked_up":{"minecraft:birch_log":17,"minecraft:crafting_table":1,"minecraft:stick":7,"minecraft:raw_iron":12,"minecraft:azure_bluet":1,"minecraft:salmon":6,"minecraft:gravel":1,"minecraft:porkchop":3,"minecraft:oak_log":24,"minecraft:diorite":15,"minecraft:white_bed":3,"travelersbackpack:white_sleeping_bag":1,"minecraft:apple":1,"minecraft:oak_sapling":9,"minecraft:mutton":7,"minecraft:birch_sapling":1,"minecraft:coal":30,"minecraft:white_wool":4,"minecraft:cobblestone":64,"minecraft:furnace":1}},"DataVersion":3465}