{"stats":{"minecraft:broken":{"minecraft:stone_pickaxe":2,"minecraft:iron_pickaxe":2,"minecraft:wooden_axe":3,"minecraft:stone_shovel":1},"minecraft:killed_by":{"minecraft:player":1,"minecraft:enderman":1,"minecraft:skeleton":2,"minecraft:zombie":2},"minecraft:picked_up":{"minecraft:crafting_table":5,"minecraft:iron_chestplate":4,"minecraft:azure_bluet":1,"minecraft:chicken":2,"minecraft:flower_pot":2,"gnumus:gnumus_claw":10,"minecraft:wooden_pickaxe":1,"minecraft:oak_stairs":3,"minecraft:shield":2,"minecraft:amethyst_block":5,"minecraft:string":88,"minecraft:raw_copper":76,"minecraft:iron_axe":2,"minecraft:iron_leggings":2,"minecraft:cobbled_deepslate":194,"minecraft:bucket":2,"gnumus:packaged_goods":2,"minecraft:beef":9,"minecraft:spruce_slab":6,"minecraft:iron_pickaxe":3,"minecraft:light_gray_wool":2,"minecraft:sugar_cane":1,"minecraft:chest":3,"minecraft:birch_sapling":13,"minecraft:furnace":2,"minecraft:iron_boots":2,"minecraft:stick":31,"minecraft:raw_iron":136,"gnumus:juicy_meat":6,"minecraft:oak_fence":1,"minecraft:torch":11,"minecraft:porkchop":13,"minecraft:diorite":75,"gnumus:vintage_metal":1,"minecraft:stone_sword":3,"minecraft:arrow":25,"minecraft:rotten_flesh":15,"gnumus:gnumus_chickpeas":8,"minecraft:totem_of_undying":1,"minecraft:obsidian":10,"minecraft:deepslate_brick_stairs":1,"gnumus:mouse_skin":16,"minecraft:mutton":33,"minecraft:cod":1,"minecraft:skeleton_skull":2,"minecraft:rail":2,"minecraft:white_wool":32,"minecraft:cobblestone":629,"minecraft:birch_log":143,"gnumus:gnumus_doubloons":17,"minecraft:feather":20,"minecraft:cooked_beef":2,"minecraft:andesite":15,"minecraft:salmon":6,"gnumus:overripe_carrot":9,"minecraft:leather":12,"gnumus:gnumus_pouch":5,"minecraft:tuff":40,"minecraft:oak_log":69,"minecraft:paper":2,"gnumus:gnumus_pickaxe":2,"minecraft:dirt":59,"minecraft:brown_candle":2,"gnumus:gnumus_pouch_2":4,"minecraft:name_tag":1,"minecraft:cooked_mutton":2,"minecraft:glass":8,"minecraft:bone":7,"minecraft:apple":4,"minecraft:wheat_seeds":7,"minecraft:raw_gold":61,"minecraft:rabbit_hide":2,"minecraft:stone_pickaxe":1,"minecraft:iron_ingot":16,"minecraft:rabbit":6,"minecraft:iron_sword":3,"minecraft:oak_planks":69,"minecraft:gravel":5,"minecraft:sand":120,"minecraft:amethyst_shard":4,"gnumus:gnumus_cheese":4,"minecraft:soul_torch":3,"minecraft:white_bed":6,"minecraft:dead_bush":1,"minecraft:crying_obsidian":1,"travelersbackpack:white_sleeping_bag":1,"gnumus:vintage_parts":1,"gnumus:gnumus_clay":15,"minecraft:diamond":17,"minecraft:stone_axe":1,"waystones:waystone":1,"minecraft:iron_helmet":3,"minecraft:granite":40,"minecraft:golden_apple":1,"minecraft:gray_wool":1,"minecraft:emerald":2,"minecraft:bread":6,"minecraft:oak_sapling":23,"minecraft:coal":101},"minecraft:crafted":{"minecraft:oak_planks":124,"minecraft:stone_shovel":1,"minecraft:cooked_chicken":2,"minecraft:furnace":2,"minecraft:cooked_mutton":23,"minecraft:glass":29,"travelersbackpack:white_sleeping_bag":1,"minecraft:iron_boots":1,"minecraft:iron_axe":2,"travelersbackpack:light_gray_sleeping_bag":1,"minecraft:stone_pickaxe":3,"minecraft:chest":6,"minecraft:cooked_rabbit":6,"minecraft:crafting_table":5,"travelersbackpack:backpack_tank":4,"travelersbackpack:standard":2,"minecraft:wooden_pickaxe":3,"minecraft:iron_helmet":2,"minecraft:iron_sword":3,"minecraft:copper_ingot":61,"minecraft:bucket":2,"minecraft:birch_planks":288,"minecraft:stone_axe":2,"minecraft:air":0,"gnumus:gnumus_pickaxe":1,"minecraft:diamond_pickaxe":1,"minecraft:iron_chestplate":2,"minecraft:shield":2,"minecraft:charcoal":6,"minecraft:gold_nugget":9,"minecraft:stick":52,"minecraft:iron_ingot":94,"minecraft:iron_pickaxe":6,"minecraft:wooden_axe":4,"minecraft:stone_sword":1,"minecraft:iron_leggings":1,"minecraft:gold_ingot":29,"minecraft:white_bed":2,"minecraft:torch":52,"minecraft:diamond_chestplate":1},"minecraft:mined":{"minecraft:crying_obsidian":1,"minecraft:tuff":29,"minecraft:white_bed":5,"minecraft:deepslate_diamond_ore":7,"minecraft:sculk_vein":2,"minecraft:obsidian":10,"minecraft:granite":26,"minecraft:budding_amethyst":1,"minecraft:grass_block":13,"minecraft:spawner":3,"minecraft:furnace":2,"minecraft:iron_ore":17,"minecraft:cobbled_deepslate":10,"minecraft:andesite":77,"minecraft:azure_bluet":1,"minecraft:deepslate_iron_ore":10,"minecraft:deepslate_brick_stairs":1,"gnumus:fragile_gnumus_jug":4,"minecraft:stone":505,"minecraft:white_wool":2,"minecraft:spruce_slab":4,"minecraft:medium_amethyst_bud":1,"minecraft:amethyst_cluster":1,"minecraft:crafting_table":5,"minecraft:torch":3,"minecraft:emerald_ore":1,"minecraft:chest":1,"minecraft:copper_ore":3,"minecraft:cobblestone":76,"minecraft:deepslate_gold_ore":5,"minecraft:oak_planks":5,"travelersbackpack:light_gray_sleeping_bag":1,"minecraft:sculk":6,"minecraft:diorite":57,"minecraft:wall_torch":4,"minecraft:amethyst_block":5,"minecraft:skeleton_skull":2,"minecraft:birch_log":93,"minecraft:birch_leaves":6,"minecraft:grass":3,"minecraft:oak_log":74,"minecraft:coal_ore":12,"minecraft:gravel":5,"minecraft:sand":121,"minecraft:dirt":19,"minecraft:cobweb":50,"minecraft:brown_candle":1,"minecraft:stone_bricks":1,"minecraft:netherrack":2,"minecraft:gold_ore":2,"minecraft:oak_leaves":13,"minecraft:deepslate":232},"minecraft:dropped":{"minecraft:iron_ingot":71,"minecraft:wheat_seeds":3,"travelersbackpack:standard":1,"gnumus:gnumus_pickaxe":1,"minecraft:iron_axe":1,"minecraft:iron_pickaxe":1,"minecraft:raw_iron":6,"minecraft:oak_planks":1,"minecraft:cooked_mutton":2,"minecraft:gunpowder":1,"travelersbackpack:white_sleeping_bag":1,"minecraft:iron_chestplate":3},"minecraft:custom":{"minecraft:mob_kills":94,"minecraft:interact_with_crafting_table":113,"minecraft:open_barrel":2,"minecraft:damage_dealt_resisted":299,"minecraft:leave_game":8,"minecraft:time_since_death":55073,"minecraft:climb_one_cm":766,"minecraft:sprint_one_cm":743313,"minecraft:walk_one_cm":617039,"minecraft:damage_blocked_by_shield":400,"minecraft:drop":78,"minecraft:play_time":320355,"minecraft:deaths":6,"minecraft:sneak_time":19614,"minecraft:walk_under_water_one_cm":16512,"minecraft:jump":3195,"minecraft:walk_on_water_one_cm":39882,"minecraft:total_world_time":320355,"minecraft:interact_with_furnace":92,"minecraft:sleep_in_bed":7,"minecraft:time_since_rest":45908,"minecraft:waystone_activated":2,"minecraft:damage_taken":3550,"minecraft:damage_absorbed":80,"minecraft:damage_dealt":12701,"minecraft:swim_one_cm":63352,"minecraft:fly_one_cm":362173,"minecraft:open_chest":137,"minecraft:crouch_one_cm":28602,"minecraft:fall_one_cm":59856},"minecraft:killed":{"minecraft:cave_spider":1,"gnumus:pitcher_mouse_pac":1,"minecraft:spider":4,"minecraft:skeleton":5,"gnumus:gnumus_worker":2,"minecraft:chicken":2,"gnumus:pitcher_mousse":15,"gnumus:gnumus_hunter":3,"gnumus:gnumus_hunter_not_dispawn":3,"minecraft:pig":7,"minecraft:salmon":8,"gnumus:marsupial_mousse":5,"gnumus:gnumus_merchant":1,"minecraft:sheep":18,"minecraft:zombie":13,"minecraft:donkey":2,"minecraft:cow":3},"minecraft:used":{"minecraft:stone_sword":14,"minecraft:dead_bush":1,"minecraft:flint_and_steel":1,"minecraft:spruce_slab":4,"minecraft:stone_shovel":131,"minecraft:chest":5,"minecraft:shield":16,"minecraft:iron_sword":172,"minecraft:cooked_chicken":2,"minecraft:iron_chestplate":2,"minecraft:torch":65,"minecraft:dirt":20,"minecraft:mutton":9,"minecraft:tuff":9,"minecraft:wooden_axe":195,"minecraft:iron_axe":78,"minecraft:birch_sapling":1,"minecraft:iron_helmet":2,"minecraft:iron_boots":1,"minecraft:sweet_berries":3,"minecraft:oak_sapling":9,"minecraft:furnace":4,"minecraft:brown_candle":2,"minecraft:cooked_beef":2,"minecraft:cobbled_deepslate":96,"minecraft:cooked_mutton":17,"minecraft:diorite":31,"minecraft:birch_planks":33,"minecraft:stone_pickaxe":343,"minecraft:oak_planks":56,"gnumus:overripe_carrot":6,"minecraft:wooden_pickaxe":31,"minecraft:white_wool":2,"minecraft:salmon":6,"minecraft:golden_apple":2,"minecraft:glow_berries":10,"minecraft:crafting_table":9,"minecraft:white_bed":6,"gnumus:gnumus_pickaxe":2,"gnumus:gnumus_cheese":1,"waystones:waystone":1,"minecraft:flower_pot":2,"minecraft:diamond_pickaxe":14,"minecraft:apple":1,"minecraft:iron_pickaxe":775,"minecraft:bread":4,"minecraft:gravel":4,"minecraft:stone_axe":39,"minecraft:cobblestone":307,"travelersbackpack:standard":4,"minecraft:porkchop":7,"minecraft:cooked_rabbit":3,"minecraft:bucket":2,"minecraft:experience_bottle":2,"gnumus:juicy_meat":2,"minecraft:soul_torch":15}},"DataVersion":3465}