{"stats":{"minecraft:broken":{"minecraft:stone_pickaxe":3,"minecraft:wooden_axe":3,"minecraft:stone_shovel":1,"minecraft:golden_axe":2,"minecraft:iron_axe":3,"minecraft:iron_pickaxe":3,"gnumus:gnumus_pickaxe":1},"minecraft:killed_by":{"minecraft:witch":1,"minecraft:zombie":2,"minecraft:player":2,"minecraft:enderman":1,"minecraft:skeleton":3},"minecraft:picked_up":{"minecraft:iron_chestplate":4,"minecraft:flower_pot":4,"gnumus:gnumus_claw":28,"minecraft:diamond_sword":5,"minecraft:oak_stairs":3,"minecraft:potion":1,"minecraft:enchanted_book":2,"minecraft:amethyst_block":398,"minecraft:string":94,"minecraft:raw_copper":77,"minecraft:iron_leggings":4,"minecraft:shroomlight":9,"minecraft:diamond_leggings":3,"minecraft:cobbled_deepslate":294,"minecraft:bucket":2,"gnumus:packaged_goods":39,"minecraft:rose_bush":1,"minecraft:calcite":10,"minecraft:azalea":15,"minecraft:iron_pickaxe":10,"minecraft:iron_boots":6,"minecraft:furnace":2,"minecraft:stick":221,"minecraft:oak_fence":7,"minecraft:torch":163,"minecraft:acacia_log":76,"travelersbackpack:iron_tier_upgrade":1,"minecraft:porkchop":35,"minecraft:cherry_log":79,"minecraft:diorite":90,"gnumus:gnumus_helmet_helmet":1,"gnumus:grilled_juicy_meat":11,"gnumus:wrapper_with_goods":3,"minecraft:stone_sword":3,"gnumus:vintage_metal":7,"minecraft:rotten_flesh":43,"gnumus:gnumus_chickpeas":32,"minecraft:deepslate_brick_stairs":1,"minecraft:obsidian":29,"minecraft:cod":12,"minecraft:cobblestone":831,"minecraft:birch_log":159,"minecraft:pink_petals":74,"gnumus:gnumus_doubloons":38,"minecraft:feather":30,"minecraft:cooked_beef":2,"minecraft:cherry_planks":62,"minecraft:andesite":19,"gnumus:overripe_carrot":41,"minecraft:black_bed":1,"minecraft:brown_wool":1,"minecraft:flint":5,"minecraft:tuff":45,"minecraft:lantern":1,"travelersbackpack:gold_tier_upgrade":1,"minecraft:disc_fragment_5":7,"minecraft:dirt":115,"minecraft:brown_candle":2,"gnumus:gnumus_pouch_2":6,"minecraft:name_tag":4,"minecraft:bone":23,"minecraft:glass":8,"minecraft:bow":3,"minecraft:wheat_seeds":11,"minecraft:raw_gold":100,"minecraft:rabbit":9,"minecraft:moss_block":73,"minecraft:oak_planks":378,"minecraft:warped_wart_block":84,"minecraft:sand":330,"minecraft:dead_bush":1,"minecraft:cyan_bed":1,"minecraft:dark_oak_log":34,"travelersbackpack:white_sleeping_bag":1,"minecraft:diamond":26,"gnumus:vintage_parts":6,"gnumus:gnumus_clay":65,"waystones:waystone":1,"minecraft:granite":59,"minecraft:golden_apple":3,"minecraft:golden_horse_armor":1,"minecraft:bread":6,"minecraft:emerald":38,"minecraft:oak_sapling":30,"minecraft:netherrack":1,"minecraft:dark_oak_fence":15,"minecraft:crimson_roots":1,"gnumus:gnumus_totem":2,"minecraft:crafting_table":5,"minecraft:azure_bluet":1,"minecraft:chicken":10,"minecraft:wooden_pickaxe":4,"minecraft:cooked_rabbit":3,"minecraft:shield":4,"minecraft:moss_carpet":8,"minecraft:iron_axe":3,"minecraft:flint_and_steel":2,"minecraft:beef":23,"minecraft:light_gray_wool":16,"minecraft:spruce_slab":6,"minecraft:sugar_cane":1,"minecraft:chest":7,"minecraft:birch_sapling":13,"minecraft:phantom_membrane":1,"minecraft:egg":1,"minecraft:dark_oak_sapling":7,"minecraft:raw_iron":326,"minecraft:sandstone":63,"minecraft:copper_ingot":55,"gnumus:juicy_meat":29,"minecraft:carrot":2,"minecraft:arrow":35,"minecraft:diamond_chestplate":4,"minecraft:hay_block":16,"minecraft:gold_ingot":28,"minecraft:totem_of_undying":2,"gnumus:mouse_skin":33,"minecraft:glow_berries":7,"minecraft:mutton":52,"minecraft:white_wool":40,"minecraft:skeleton_skull":2,"minecraft:rail":2,"minecraft:golden_carrot":3,"minecraft:glow_ink_sac":18,"minecraft:salmon":6,"minecraft:leather":44,"gnumus:gnumus_pouch":6,"minecraft:oak_log":73,"gnumus:gnumus_pickaxe":2,"minecraft:paper":45,"minecraft:cooked_mutton":2,"minecraft:apple":10,"gnumus:gnumus_horn":2,"minecraft:warped_stem":56,"minecraft:heart_of_the_sea":1,"minecraft:rabbit_hide":2,"minecraft:spore_blossom":3,"minecraft:iron_ingot":23,"minecraft:stone_pickaxe":6,"travelersbackpack:blank_upgrade":3,"minecraft:acacia_sapling":26,"minecraft:iron_sword":6,"minecraft:flowering_azalea":13,"minecraft:sweet_berries":16,"gnumus:vintage_alloy_ingot":1,"minecraft:quartz":16,"minecraft:dripstone_block":3,"minecraft:gravel":73,"minecraft:amethyst_shard":98,"gnumus:gnumus_cheese":10,"minecraft:soul_torch":3,"minecraft:white_bed":6,"minecraft:crying_obsidian":2,"minecraft:spider_eye":1,"travelersbackpack:standard":2,"minecraft:stone_axe":1,"minecraft:iron_helmet":7,"minecraft:cherry_sapling":71,"minecraft:gray_wool":3,"minecraft:warped_roots":1,"minecraft:black_wool":6,"minecraft:coal":125,"minecraft:ender_pearl":6},"minecraft:crafted":{"minecraft:oak_planks":136,"travelersbackpack:crafting_upgrade":1,"minecraft:cooked_chicken":2,"minecraft:lightning_rod":4,"travelersbackpack:enderman":1,"minecraft:cooked_mutton":23,"minecraft:glass":64,"minecraft:diamond_leggings":1,"minecraft:iron_boots":1,"gnumus:vintage_alloy_ingot":2,"minecraft:chest":10,"minecraft:cooked_rabbit":6,"minecraft:golden_axe":2,"minecraft:emerald":3,"minecraft:crafting_table":8,"minecraft:wooden_pickaxe":3,"minecraft:iron_helmet":2,"travelersbackpack:standard":2,"minecraft:copper_ingot":61,"minecraft:birch_planks":544,"gnumus:gnumus_pickaxe":1,"minecraft:iron_chestplate":2,"minecraft:charcoal":6,"minecraft:diamond_pickaxe":2,"minecraft:shield":3,"minecraft:stick":160,"minecraft:iron_ingot":161,"minecraft:iron_pickaxe":8,"minecraft:stone_sword":1,"minecraft:gold_ingot":40,"minecraft:black_bed":1,"minecraft:cherry_planks":316,"minecraft:stone_shovel":1,"minecraft:iron_nugget":459,"minecraft:furnace":2,"travelersbackpack:blank_upgrade":8,"travelersbackpack:gold_tier_upgrade":4,"minecraft:lantern":11,"travelersbackpack:white_sleeping_bag":1,"minecraft:leather":11,"minecraft:iron_axe":5,"travelersbackpack:light_gray_sleeping_bag":1,"minecraft:stone_pickaxe":5,"gnumus:gnumus_helmet_helmet":1,"minecraft:cooked_beef":7,"minecraft:diamond_sword":1,"travelersbackpack:backpack_tank":8,"minecraft:iron_sword":3,"minecraft:bucket":2,"minecraft:stone_axe":2,"minecraft:air":0,"minecraft:gold_nugget":9,"minecraft:wooden_axe":4,"minecraft:iron_shovel":3,"minecraft:iron_leggings":1,"minecraft:white_bed":2,"minecraft:torch":216,"minecraft:diamond_chestplate":2},"minecraft:mined":{"minecraft:white_bed":5,"minecraft:cherry_log":82,"minecraft:sculk_vein":4,"minecraft:obsidian":27,"minecraft:granite":41,"minecraft:cave_vines_plant":7,"minecraft:budding_amethyst":23,"minecraft:acacia_log":77,"minecraft:grass_block":33,"minecraft:spawner":3,"minecraft:cobbled_deepslate":16,"minecraft:iron_ore":28,"minecraft:fire":38,"minecraft:moss_carpet":3,"minecraft:azure_bluet":1,"minecraft:cave_vines":5,"minecraft:deepslate_brick_stairs":1,"minecraft:azalea":10,"minecraft:spruce_slab":4,"minecraft:medium_amethyst_bud":1,"minecraft:amethyst_cluster":7,"minecraft:torch":3,"minecraft:calcite":6,"minecraft:chest":3,"minecraft:nether_quartz_ore":1,"minecraft:cobblestone":76,"minecraft:cyan_bed":1,"minecraft:oak_planks":331,"travelersbackpack:light_gray_sleeping_bag":1,"minecraft:wall_torch":6,"minecraft:amethyst_block":259,"minecraft:pink_petals":28,"minecraft:skeleton_skull":2,"minecraft:birch_log":109,"minecraft:light_gray_wool":7,"minecraft:black_bed":1,"minecraft:grass":22,"minecraft:oak_log":74,"minecraft:sand":332,"minecraft:dirt":55,"minecraft:brown_candle":1,"minecraft:netherrack":3,"minecraft:oak_leaves":14,"minecraft:deepslate":290,"minecraft:crying_obsidian":2,"minecraft:tuff":33,"minecraft:deepslate_diamond_ore":11,"minecraft:oak_door":1,"minecraft:dark_oak_log":56,"minecraft:dark_oak_fence":17,"minecraft:crimson_roots":1,"minecraft:potted_azalea_bush":2,"minecraft:moss_block":80,"minecraft:hay_block":16,"minecraft:spore_blossom":3,"minecraft:furnace":2,"minecraft:andesite":81,"minecraft:shroomlight":12,"minecraft:deepslate_iron_ore":63,"minecraft:lantern":1,"minecraft:warped_stem":60,"gnumus:fragile_gnumus_jug":10,"minecraft:stone":708,"minecraft:white_wool":2,"minecraft:flowering_azalea":8,"minecraft:cherry_planks":8,"minecraft:oak_fence":6,"minecraft:crafting_table":5,"minecraft:emerald_ore":1,"minecraft:warped_roots":2,"minecraft:rose_bush":2,"minecraft:copper_ore":3,"minecraft:tall_grass":7,"minecraft:deepslate_coal_ore":4,"minecraft:deepslate_gold_ore":12,"minecraft:sculk":6,"minecraft:diorite":64,"minecraft:warped_wart_block":165,"minecraft:birch_leaves":11,"minecraft:coal_ore":13,"minecraft:gravel":73,"minecraft:cobweb":54,"minecraft:stone_bricks":1,"minecraft:gold_ore":5},"minecraft:dropped":{"minecraft:iron_sword":1,"gnumus:gnumus_helmet_helmet":1,"minecraft:leather":2,"travelersbackpack:iron_tier_upgrade":1,"travelersbackpack:standard":3,"gnumus:gnumus_pickaxe":1,"minecraft:amethyst_shard":3,"minecraft:iron_pickaxe":1,"minecraft:rotten_flesh":4,"minecraft:oak_planks":2,"minecraft:cooked_mutton":2,"minecraft:carrot":1,"gnumus:gnumus_doubloons":1,"travelersbackpack:gold_tier_upgrade":5,"minecraft:gunpowder":1,"travelersbackpack:white_sleeping_bag":1,"minecraft:acacia_sapling":26,"minecraft:glass":37,"minecraft:iron_ingot":129,"minecraft:wheat_seeds":3,"minecraft:iron_axe":1,"minecraft:raw_iron":42,"minecraft:lightning_rod":4,"minecraft:iron_chestplate":3,"travelersbackpack:crafting_upgrade":1,"minecraft:oak_sapling":1,"minecraft:sandstone":63,"minecraft:stone_pickaxe":2},"minecraft:custom":{"minecraft:interact_with_crafting_table":180,"minecraft:open_barrel":2,"minecraft:bell_ring":13,"minecraft:leave_game":8,"minecraft:time_since_death":254689,"minecraft:damage_resisted":19,"minecraft:sprint_one_cm":1887573,"minecraft:damage_blocked_by_shield":870,"minecraft:drop":174,"minecraft:talked_to_villager":12,"minecraft:play_time":686355,"minecraft:deaths":11,"minecraft:jump":6133,"minecraft:walk_on_water_one_cm":54834,"minecraft:interact_with_furnace":130,"minecraft:traded_with_villager":3,"minecraft:sleep_in_bed":9,"minecraft:waystone_activated":3,"minecraft:damage_dealt":31169,"minecraft:player_kills":1,"minecraft:crouch_one_cm":37650,"minecraft:interact_with_smoker":6,"minecraft:horse_one_cm":27634,"minecraft:interact_with_smithing_table":12,"minecraft:mob_kills":202,"minecraft:interact_with_anvil":3,"minecraft:damage_dealt_resisted":299,"minecraft:climb_one_cm":2401,"minecraft:walk_one_cm":1560365,"minecraft:sneak_time":26552,"minecraft:walk_under_water_one_cm":20800,"minecraft:interact_with_blast_furnace":5,"minecraft:total_world_time":686355,"minecraft:pot_flower":1,"minecraft:time_since_rest":36623,"minecraft:damage_absorbed":80,"minecraft:damage_taken":6265,"minecraft:swim_one_cm":85540,"minecraft:fly_one_cm":652422,"minecraft:open_chest":588,"minecraft:fall_one_cm":108043},"minecraft:killed":{"minecraft:cave_spider":1,"minecraft:spider":7,"minecraft:skeleton":14,"minecraft:chicken":10,"gnumus:pitcher_mousse":15,"minecraft:pig":16,"minecraft:zombie_villager":2,"minecraft:salmon":8,"gnumus:big_snout":5,"minecraft:creeper":1,"gnumus:marsupial_mousse":5,"minecraft:sheep":31,"minecraft:donkey":5,"minecraft:zombie":39,"minecraft:glow_squid":4,"minecraft:cow":10,"gnumus:pitcher_mouse_pac":1,"minecraft:horse":5,"gnumus:gnumus_worker":2,"minecraft:llama":4,"gnumus:gnumus_hunter":10,"gnumus:gnumus_hunter_not_dispawn":3,"gnumus:gnumus_merchant":1,"minecraft:enderman":1},"minecraft:used":{"minecraft:moss_block":8,"minecraft:cherry_sapling":7,"minecraft:moss_carpet":8,"minecraft:iron_shovel":315,"minecraft:spruce_slab":4,"minecraft:chest":11,"minecraft:shield":26,"minecraft:iron_sword":174,"minecraft:rotten_flesh":16,"minecraft:iron_chestplate":2,"minecraft:mutton":9,"minecraft:tuff":13,"minecraft:obsidian":20,"minecraft:lantern":9,"minecraft:birch_sapling":1,"minecraft:iron_helmet":4,"minecraft:sweet_berries":9,"minecraft:furnace":4,"minecraft:oak_sapling":12,"travelersbackpack:enderman":1,"gnumus:grilled_juicy_meat":6,"minecraft:diorite":34,"minecraft:stone_pickaxe":537,"minecraft:oak_planks":68,"minecraft:wooden_pickaxe":60,"minecraft:white_wool":2,"minecraft:golden_apple":2,"minecraft:glow_berries":21,"minecraft:sand":3,"minecraft:black_bed":2,"minecraft:dripstone_block":3,"gnumus:gnumus_pickaxe":4,"waystones:waystone":1,"minecraft:crying_obsidian":2,"minecraft:cyan_bed":1,"gnumus:gnumus_chickpeas":27,"minecraft:bread":4,"minecraft:spore_blossom":2,"minecraft:gravel":4,"minecraft:diamond_sword":323,"minecraft:dark_oak_fence":15,"minecraft:cooked_rabbit":6,"gnumus:juicy_meat":4,"minecraft:experience_bottle":2,"minecraft:stone_sword":14,"minecraft:flint_and_steel":8,"minecraft:dead_bush":1,"minecraft:stone_shovel":131,"minecraft:cooked_chicken":2,"minecraft:torch":216,"minecraft:dirt":23,"minecraft:granite":13,"minecraft:wooden_axe":195,"minecraft:flowering_azalea":1,"minecraft:iron_axe":890,"minecraft:iron_boots":3,"minecraft:diamond_chestplate":3,"minecraft:cooked_beef":9,"minecraft:cobbled_deepslate":123,"minecraft:brown_candle":2,"minecraft:golden_axe":64,"minecraft:cooked_mutton":21,"minecraft:amethyst_block":147,"minecraft:birch_planks":81,"gnumus:overripe_carrot":9,"minecraft:cherry_planks":270,"minecraft:salmon":6,"minecraft:crafting_table":11,"minecraft:white_bed":6,"minecraft:cod":3,"gnumus:gnumus_cheese":4,"minecraft:flower_pot":3,"minecraft:diamond_pickaxe":423,"minecraft:apple":2,"minecraft:iron_pickaxe":942,"minecraft:stone_axe":41,"minecraft:pink_petals":10,"minecraft:cobblestone":317,"travelersbackpack:standard":8,"minecraft:porkchop":7,"minecraft:bucket":2,"minecraft:diamond_leggings":1,"minecraft:soul_torch":15}},"DataVersion":3465}