{"stats":{"minecraft:dropped":{"minecraft:cooked_mutton":2,"travelersbackpack:white_sleeping_bag":1},"minecraft:used":{"minecraft:cooked_mutton":14,"minecraft:diorite":7,"minecraft:stone_sword":8,"minecraft:stone_shovel":131,"minecraft:stone_pickaxe":214,"minecraft:wooden_pickaxe":31,"minecraft:shield":1,"minecraft:iron_sword":72,"minecraft:cooked_chicken":1,"minecraft:iron_chestplate":1,"minecraft:white_wool":2,"minecraft:salmon":6,"minecraft:torch":21,"minecraft:dirt":6,"minecraft:crafting_table":7,"minecraft:white_bed":5,"minecraft:wooden_axe":195,"minecraft:apple":1,"minecraft:iron_pickaxe":32,"minecraft:birch_sapling":1,"minecraft:iron_helmet":1,"minecraft:stone_axe":29,"minecraft:cobblestone":32,"minecraft:furnace":3,"minecraft:oak_sapling":9,"minecraft:porkchop":3},"minecraft:broken":{"minecraft:stone_pickaxe":1,"minecraft:wooden_axe":3,"minecraft:stone_shovel":1},"minecraft:mined":{"minecraft:white_bed":5,"minecraft:medium_amethyst_bud":1,"minecraft:amethyst_cluster":1,"minecraft:crafting_table":5,"minecraft:torch":2,"minecraft:granite":5,"minecraft:budding_amethyst":1,"minecraft:grass_block":10,"minecraft:copper_ore":3,"minecraft:cobblestone":6,"minecraft:oak_planks":1,"minecraft:wall_torch":1,"minecraft:diorite":16,"minecraft:amethyst_block":5,"minecraft:spawner":2,"minecraft:furnace":2,"minecraft:birch_log":83,"minecraft:iron_ore":9,"minecraft:andesite":2,"minecraft:birch_leaves":5,"minecraft:azure_bluet":1,"minecraft:grass":3,"minecraft:oak_log":68,"minecraft:coal_ore":12,"minecraft:sand":121,"minecraft:dirt":6,"minecraft:cobweb":46,"minecraft:stone":169,"minecraft:gold_ore":1,"minecraft:white_wool":2,"minecraft:oak_leaves":13,"minecraft:deepslate":4},"minecraft:picked_up":{"minecraft:birch_log":84,"minecraft:crafting_table":5,"minecraft:azure_bluet":1,"minecraft:chicken":1,"minecraft:andesite":2,"minecraft:salmon":6,"gnumus:gnumus_claw":1,"minecraft:wooden_pickaxe":1,"minecraft:oak_log":63,"minecraft:amethyst_block":5,"minecraft:dirt":19,"minecraft:string":82,"minecraft:raw_copper":74,"minecraft:name_tag":1,"minecraft:apple":3,"minecraft:wheat_seeds":1,"minecraft:cobbled_deepslate":4,"minecraft:raw_gold":14,"minecraft:iron_ingot":2,"minecraft:light_gray_wool":2,"minecraft:oak_planks":1,"minecraft:birch_sapling":12,"minecraft:iron_sword":1,"minecraft:furnace":2,"minecraft:stick":17,"minecraft:raw_iron":70,"minecraft:torch":3,"minecraft:sand":120,"minecraft:gravel":1,"minecraft:porkchop":3,"minecraft:amethyst_shard":4,"minecraft:diorite":16,"minecraft:white_bed":6,"travelersbackpack:white_sleeping_bag":1,"minecraft:rotten_flesh":6,"waystones:waystone":1,"minecraft:iron_helmet":1,"minecraft:gray_wool":1,"minecraft:oak_sapling":23,"gnumus:mouse_skin":3,"minecraft:mutton":23,"minecraft:coal":101,"minecraft:white_wool":13,"minecraft:cobblestone":180},"minecraft:killed_by":{"minecraft:player":1,"minecraft:zombie":2},"minecraft:crafted":{"minecraft:oak_planks":60,"minecraft:stone_shovel":1,"minecraft:crafting_table":4,"minecraft:cooked_chicken":1,"minecraft:wooden_pickaxe":3,"minecraft:iron_helmet":1,"minecraft:iron_sword":2,"minecraft:furnace":2,"minecraft:copper_ingot":61,"minecraft:birch_planks":28,"minecraft:stone_axe":2,"minecraft:cooked_mutton":23,"minecraft:air":0,"minecraft:charcoal":6,"minecraft:iron_chestplate":1,"minecraft:shield":1,"minecraft:stick":28,"minecraft:iron_ingot":28,"minecraft:iron_pickaxe":2,"minecraft:stone_pickaxe":3,"minecraft:wooden_axe":4,"minecraft:stone_sword":1,"minecraft:white_bed":1,"minecraft:torch":20},"minecraft:custom":{"minecraft:interact_with_furnace":50,"minecraft:mob_kills":47,"minecraft:interact_with_crafting_table":44,"minecraft:damage_dealt_resisted":130,"minecraft:leave_game":7,"minecraft:time_since_death":46508,"minecraft:sleep_in_bed":5,"minecraft:time_since_rest":46677,"minecraft:waystone_activated":1,"minecraft:sprint_one_cm":276281,"minecraft:damage_taken":1670,"minecraft:walk_one_cm":251648,"minecraft:damage_blocked_by_shield":30,"minecraft:drop":3,"minecraft:damage_dealt":5045,"minecraft:swim_one_cm":47858,"minecraft:fly_one_cm":182521,"minecraft:crouch_one_cm":364,"minecraft:play_time":108016,"minecraft:deaths":3,"minecraft:sneak_time":791,"minecraft:walk_under_water_one_cm":8764,"minecraft:jump":1394,"minecraft:walk_on_water_one_cm":31690,"minecraft:total_world_time":108016,"minecraft:fall_one_cm":29298},"minecraft:killed":{"minecraft:cave_spider":1,"minecraft:pig":2,"minecraft:salmon":8,"minecraft:spider":1,"gnumus:marsupial_mousse":3,"minecraft:sheep":13,"minecraft:zombie":8,"minecraft:chicken":1,"gnumus:pitcher_mousse":8,"gnumus:gnumus_hunter":1}},"DataVersion":3465}