{"stats":{"minecraft:dropped":{"minecraft:oak_planks":1,"minecraft:cooked_mutton":2,"travelersbackpack:white_sleeping_bag":1},"minecraft:used":{"minecraft:stone_sword":11,"minecraft:stone_shovel":131,"minecraft:chest":3,"minecraft:shield":1,"minecraft:iron_sword":78,"minecraft:cooked_chicken":1,"minecraft:iron_chestplate":1,"minecraft:torch":56,"minecraft:dirt":20,"minecraft:tuff":3,"minecraft:wooden_axe":195,"minecraft:iron_axe":14,"minecraft:birch_sapling":1,"minecraft:iron_helmet":1,"minecraft:oak_sapling":9,"minecraft:furnace":4,"minecraft:cobbled_deepslate":29,"minecraft:cooked_mutton":17,"minecraft:diorite":14,"minecraft:birch_planks":33,"minecraft:stone_pickaxe":343,"minecraft:oak_planks":1,"minecraft:wooden_pickaxe":31,"gnumus:overripe_carrot":3,"minecraft:salmon":6,"minecraft:white_wool":2,"minecraft:golden_apple":2,"minecraft:glow_berries":10,"minecraft:crafting_table":8,"minecraft:white_bed":6,"gnumus:gnumus_cheese":1,"minecraft:apple":1,"minecraft:bread":4,"minecraft:iron_pickaxe":432,"minecraft:gravel":4,"minecraft:stone_axe":39,"minecraft:cobblestone":179,"minecraft:porkchop":3,"minecraft:cooked_rabbit":2,"gnumus:juicy_meat":2},"minecraft:broken":{"minecraft:stone_pickaxe":2,"minecraft:iron_pickaxe":1,"minecraft:wooden_axe":3,"minecraft:stone_shovel":1},"minecraft:mined":{"minecraft:tuff":10,"minecraft:white_bed":5,"minecraft:deepslate_diamond_ore":2,"minecraft:sculk_vein":2,"minecraft:granite":6,"minecraft:budding_amethyst":1,"minecraft:grass_block":10,"minecraft:spawner":3,"minecraft:furnace":2,"minecraft:cobbled_deepslate":1,"minecraft:iron_ore":17,"minecraft:andesite":77,"minecraft:azure_bluet":1,"minecraft:deepslate_iron_ore":8,"minecraft:deepslate_brick_stairs":1,"minecraft:stone":307,"minecraft:white_wool":2,"minecraft:medium_amethyst_bud":1,"minecraft:amethyst_cluster":1,"minecraft:crafting_table":5,"minecraft:torch":3,"minecraft:chest":1,"minecraft:cobblestone":75,"minecraft:copper_ore":3,"minecraft:deepslate_gold_ore":4,"minecraft:oak_planks":3,"minecraft:sculk":6,"minecraft:diorite":31,"minecraft:wall_torch":4,"minecraft:amethyst_block":5,"minecraft:birch_log":83,"minecraft:birch_leaves":5,"minecraft:grass":3,"minecraft:coal_ore":12,"minecraft:oak_log":68,"minecraft:gravel":5,"minecraft:sand":121,"minecraft:dirt":12,"minecraft:cobweb":49,"minecraft:gold_ore":2,"minecraft:oak_leaves":13,"minecraft:deepslate":180},"minecraft:picked_up":{"minecraft:crafting_table":5,"minecraft:azure_bluet":1,"minecraft:chicken":1,"gnumus:gnumus_claw":3,"minecraft:wooden_pickaxe":1,"minecraft:amethyst_block":5,"minecraft:string":84,"minecraft:raw_copper":74,"minecraft:cobbled_deepslate":119,"minecraft:light_gray_wool":2,"minecraft:chest":1,"minecraft:birch_sapling":12,"minecraft:furnace":2,"minecraft:raw_iron":127,"minecraft:stick":19,"gnumus:juicy_meat":2,"minecraft:torch":11,"minecraft:porkchop":3,"minecraft:diorite":33,"minecraft:stone_sword":1,"minecraft:arrow":12,"minecraft:rotten_flesh":10,"minecraft:deepslate_brick_stairs":1,"gnumus:mouse_skin":7,"minecraft:mutton":23,"minecraft:white_wool":13,"minecraft:rail":2,"minecraft:cobblestone":326,"minecraft:birch_log":84,"minecraft:feather":8,"minecraft:salmon":6,"minecraft:andesite":15,"gnumus:overripe_carrot":3,"minecraft:leather":2,"minecraft:tuff":10,"minecraft:oak_log":63,"minecraft:dirt":25,"gnumus:gnumus_pouch_2":2,"minecraft:name_tag":1,"minecraft:cooked_mutton":2,"minecraft:bone":7,"minecraft:apple":3,"minecraft:wheat_seeds":1,"minecraft:raw_gold":56,"minecraft:stone_pickaxe":1,"minecraft:iron_ingot":16,"minecraft:rabbit":3,"minecraft:iron_sword":2,"minecraft:oak_planks":5,"minecraft:gravel":5,"minecraft:sand":120,"minecraft:amethyst_shard":4,"gnumus:gnumus_cheese":1,"minecraft:white_bed":6,"travelersbackpack:white_sleeping_bag":1,"minecraft:diamond":8,"minecraft:stone_axe":1,"waystones:waystone":1,"minecraft:iron_helmet":1,"minecraft:granite":1,"minecraft:gray_wool":1,"minecraft:bread":3,"minecraft:oak_sapling":23,"minecraft:coal":101},"minecraft:killed_by":{"minecraft:player":1,"minecraft:skeleton":1,"minecraft:zombie":2},"minecraft:crafted":{"minecraft:oak_planks":60,"minecraft:stone_shovel":1,"minecraft:cooked_chicken":1,"minecraft:furnace":2,"minecraft:cooked_mutton":23,"minecraft:iron_boots":1,"minecraft:iron_axe":2,"minecraft:stone_pickaxe":3,"minecraft:chest":2,"minecraft:cooked_rabbit":3,"minecraft:crafting_table":4,"minecraft:wooden_pickaxe":3,"minecraft:iron_helmet":2,"minecraft:iron_sword":3,"minecraft:copper_ingot":61,"minecraft:birch_planks":92,"minecraft:stone_axe":2,"minecraft:air":0,"minecraft:iron_chestplate":2,"minecraft:charcoal":6,"minecraft:shield":2,"minecraft:stick":48,"minecraft:iron_ingot":78,"minecraft:iron_pickaxe":6,"minecraft:wooden_axe":4,"minecraft:stone_sword":1,"minecraft:iron_leggings":1,"minecraft:gold_ingot":17,"minecraft:white_bed":2,"minecraft:torch":52},"minecraft:custom":{"minecraft:mob_kills":55,"minecraft:interact_with_crafting_table":63,"minecraft:damage_dealt_resisted":130,"minecraft:leave_game":7,"minecraft:time_since_death":73065,"minecraft:climb_one_cm":286,"minecraft:sprint_one_cm":518536,"minecraft:walk_one_cm":370370,"minecraft:damage_blocked_by_shield":30,"minecraft:drop":4,"minecraft:play_time":198016,"minecraft:deaths":4,"minecraft:sneak_time":15331,"minecraft:walk_under_water_one_cm":15992,"minecraft:jump":1983,"minecraft:walk_on_water_one_cm":35988,"minecraft:total_world_time":198016,"minecraft:interact_with_furnace":67,"minecraft:sleep_in_bed":5,"minecraft:time_since_rest":73093,"minecraft:waystone_activated":1,"minecraft:damage_taken":2670,"minecraft:damage_absorbed":80,"minecraft:damage_dealt":6929,"minecraft:swim_one_cm":48377,"minecraft:fly_one_cm":252034,"minecraft:open_chest":37,"minecraft:crouch_one_cm":20608,"minecraft:fall_one_cm":41297},"minecraft:killed":{"minecraft:cave_spider":1,"minecraft:spider":1,"minecraft:skeleton":5,"minecraft:chicken":1,"gnumus:pitcher_mousse":8,"gnumus:gnumus_hunter":3,"minecraft:pig":2,"minecraft:salmon":8,"gnumus:marsupial_mousse":3,"minecraft:sheep":13,"minecraft:zombie":9}},"DataVersion":3465}