{"stats":{"minecraft:broken":{"minecraft:stone_pickaxe":3,"minecraft:wooden_axe":3,"minecraft:stone_shovel":1,"minecraft:iron_pickaxe":3,"gnumus:gnumus_pickaxe":1},"minecraft:killed_by":{"minecraft:witch":1,"minecraft:zombie":2,"minecraft:player":2,"minecraft:enderman":1,"minecraft:skeleton":3},"minecraft:picked_up":{"minecraft:iron_chestplate":4,"minecraft:flower_pot":2,"gnumus:gnumus_claw":14,"minecraft:diamond_sword":4,"minecraft:oak_stairs":3,"minecraft:amethyst_block":230,"minecraft:string":91,"minecraft:raw_copper":77,"minecraft:iron_leggings":3,"minecraft:diamond_leggings":3,"minecraft:cobbled_deepslate":292,"minecraft:bucket":2,"gnumus:packaged_goods":5,"minecraft:rose_bush":1,"minecraft:calcite":6,"minecraft:azalea":14,"minecraft:iron_pickaxe":10,"minecraft:iron_boots":6,"minecraft:furnace":2,"minecraft:stick":157,"minecraft:oak_fence":3,"minecraft:torch":155,"minecraft:acacia_log":46,"travelersbackpack:iron_tier_upgrade":1,"minecraft:porkchop":35,"minecraft:diorite":90,"minecraft:stone_sword":3,"gnumus:vintage_metal":1,"minecraft:rotten_flesh":34,"gnumus:gnumus_chickpeas":27,"minecraft:deepslate_brick_stairs":1,"minecraft:obsidian":10,"minecraft:cod":4,"minecraft:cobblestone":655,"minecraft:birch_log":143,"gnumus:gnumus_doubloons":22,"minecraft:feather":30,"minecraft:cooked_beef":2,"minecraft:andesite":19,"gnumus:overripe_carrot":20,"minecraft:brown_wool":1,"minecraft:tuff":45,"travelersbackpack:gold_tier_upgrade":1,"minecraft:dirt":95,"minecraft:brown_candle":2,"gnumus:gnumus_pouch_2":5,"minecraft:name_tag":3,"minecraft:bone":17,"minecraft:glass":8,"minecraft:bow":3,"minecraft:wheat_seeds":9,"minecraft:raw_gold":100,"minecraft:rabbit":6,"minecraft:moss_block":73,"minecraft:oak_planks":73,"minecraft:sand":327,"minecraft:dead_bush":1,"travelersbackpack:white_sleeping_bag":1,"minecraft:diamond":25,"gnumus:vintage_parts":2,"gnumus:gnumus_clay":30,"waystones:waystone":1,"minecraft:granite":59,"minecraft:golden_apple":1,"minecraft:bread":6,"minecraft:emerald":2,"minecraft:oak_sapling":25,"minecraft:crafting_table":5,"minecraft:azure_bluet":1,"minecraft:chicken":10,"minecraft:wooden_pickaxe":4,"minecraft:cooked_rabbit":3,"minecraft:shield":4,"minecraft:moss_carpet":8,"minecraft:iron_axe":2,"minecraft:flint_and_steel":1,"minecraft:beef":20,"minecraft:light_gray_wool":9,"minecraft:spruce_slab":6,"minecraft:sugar_cane":1,"minecraft:chest":3,"minecraft:birch_sapling":13,"minecraft:egg":1,"minecraft:raw_iron":326,"gnumus:juicy_meat":21,"minecraft:carrot":1,"minecraft:arrow":31,"minecraft:diamond_chestplate":4,"minecraft:gold_ingot":25,"minecraft:totem_of_undying":1,"gnumus:mouse_skin":24,"minecraft:glow_berries":7,"minecraft:mutton":39,"minecraft:white_wool":34,"minecraft:skeleton_skull":2,"minecraft:rail":2,"minecraft:glow_ink_sac":18,"minecraft:salmon":6,"minecraft:leather":34,"gnumus:gnumus_pouch":5,"minecraft:oak_log":72,"gnumus:gnumus_pickaxe":2,"minecraft:paper":5,"minecraft:cooked_mutton":2,"minecraft:apple":4,"gnumus:gnumus_horn":1,"minecraft:rabbit_hide":2,"minecraft:spore_blossom":2,"minecraft:iron_ingot":23,"minecraft:stone_pickaxe":6,"minecraft:acacia_sapling":15,"minecraft:iron_sword":5,"minecraft:flowering_azalea":3,"minecraft:sweet_berries":14,"minecraft:gravel":10,"minecraft:amethyst_shard":76,"gnumus:gnumus_cheese":7,"minecraft:soul_torch":3,"minecraft:white_bed":6,"minecraft:crying_obsidian":1,"minecraft:spider_eye":1,"travelersbackpack:standard":2,"minecraft:stone_axe":1,"minecraft:iron_helmet":7,"minecraft:gray_wool":2,"minecraft:coal":118},"minecraft:crafted":{"minecraft:oak_planks":136,"travelersbackpack:crafting_upgrade":1,"minecraft:cooked_chicken":2,"minecraft:cooked_mutton":23,"minecraft:glass":64,"minecraft:diamond_leggings":1,"minecraft:iron_boots":1,"minecraft:chest":10,"minecraft:cooked_rabbit":6,"minecraft:crafting_table":8,"minecraft:wooden_pickaxe":3,"minecraft:iron_helmet":2,"travelersbackpack:standard":2,"minecraft:copper_ingot":61,"minecraft:birch_planks":288,"gnumus:gnumus_pickaxe":1,"minecraft:iron_chestplate":2,"minecraft:charcoal":6,"minecraft:diamond_pickaxe":1,"minecraft:shield":3,"minecraft:stick":160,"minecraft:iron_ingot":161,"minecraft:iron_pickaxe":8,"minecraft:stone_sword":1,"minecraft:gold_ingot":40,"minecraft:stone_shovel":1,"minecraft:furnace":2,"travelersbackpack:blank_upgrade":8,"travelersbackpack:gold_tier_upgrade":4,"travelersbackpack:white_sleeping_bag":1,"minecraft:leather":11,"minecraft:iron_axe":3,"travelersbackpack:light_gray_sleeping_bag":1,"minecraft:stone_pickaxe":5,"minecraft:cooked_beef":7,"minecraft:diamond_sword":1,"travelersbackpack:backpack_tank":8,"minecraft:iron_sword":3,"minecraft:bucket":2,"minecraft:stone_axe":2,"minecraft:air":0,"minecraft:gold_nugget":9,"minecraft:wooden_axe":4,"minecraft:iron_shovel":3,"minecraft:iron_leggings":1,"minecraft:white_bed":2,"minecraft:torch":196,"minecraft:diamond_chestplate":2},"minecraft:mined":{"minecraft:white_bed":5,"minecraft:sculk_vein":4,"minecraft:obsidian":10,"minecraft:granite":41,"minecraft:cave_vines_plant":7,"minecraft:budding_amethyst":9,"minecraft:acacia_log":47,"minecraft:grass_block":30,"minecraft:spawner":3,"minecraft:cobbled_deepslate":16,"minecraft:iron_ore":28,"minecraft:fire":38,"minecraft:moss_carpet":3,"minecraft:azure_bluet":1,"minecraft:cave_vines":5,"minecraft:deepslate_brick_stairs":1,"minecraft:azalea":10,"minecraft:spruce_slab":4,"minecraft:medium_amethyst_bud":1,"minecraft:amethyst_cluster":5,"minecraft:torch":3,"minecraft:calcite":2,"minecraft:chest":1,"minecraft:cobblestone":76,"minecraft:oak_planks":6,"travelersbackpack:light_gray_sleeping_bag":1,"minecraft:wall_torch":4,"minecraft:amethyst_block":81,"minecraft:skeleton_skull":2,"minecraft:birch_log":93,"minecraft:light_gray_wool":7,"minecraft:grass":14,"minecraft:oak_log":74,"minecraft:sand":329,"minecraft:dirt":36,"minecraft:brown_candle":1,"minecraft:netherrack":2,"minecraft:oak_leaves":13,"minecraft:deepslate":288,"minecraft:crying_obsidian":1,"minecraft:tuff":33,"minecraft:deepslate_diamond_ore":11,"minecraft:moss_block":80,"minecraft:spore_blossom":2,"minecraft:furnace":2,"minecraft:andesite":81,"minecraft:deepslate_iron_ore":63,"gnumus:fragile_gnumus_jug":6,"minecraft:stone":529,"minecraft:white_wool":2,"minecraft:flowering_azalea":3,"minecraft:oak_fence":2,"minecraft:crafting_table":5,"minecraft:emerald_ore":1,"minecraft:rose_bush":2,"minecraft:copper_ore":3,"minecraft:tall_grass":4,"minecraft:deepslate_coal_ore":4,"minecraft:deepslate_gold_ore":12,"minecraft:sculk":6,"minecraft:diorite":64,"minecraft:birch_leaves":6,"minecraft:coal_ore":13,"minecraft:gravel":5,"minecraft:cobweb":54,"minecraft:stone_bricks":1,"minecraft:gold_ore":5},"minecraft:dropped":{"minecraft:iron_sword":1,"minecraft:leather":2,"travelersbackpack:iron_tier_upgrade":1,"travelersbackpack:standard":3,"gnumus:gnumus_pickaxe":1,"minecraft:iron_pickaxe":1,"minecraft:oak_planks":1,"minecraft:cooked_mutton":2,"travelersbackpack:gold_tier_upgrade":5,"minecraft:gunpowder":1,"travelersbackpack:white_sleeping_bag":1,"minecraft:glass":37,"minecraft:iron_ingot":129,"minecraft:wheat_seeds":3,"minecraft:iron_axe":1,"minecraft:raw_iron":42,"minecraft:iron_chestplate":3,"travelersbackpack:crafting_upgrade":1,"minecraft:stone_pickaxe":2},"minecraft:custom":{"minecraft:interact_with_crafting_table":159,"minecraft:open_barrel":2,"minecraft:leave_game":8,"minecraft:time_since_death":68689,"minecraft:sprint_one_cm":1387770,"minecraft:damage_blocked_by_shield":870,"minecraft:drop":96,"minecraft:play_time":500355,"minecraft:deaths":11,"minecraft:jump":5503,"minecraft:walk_on_water_one_cm":45712,"minecraft:interact_with_furnace":130,"minecraft:sleep_in_bed":8,"minecraft:waystone_activated":2,"minecraft:damage_dealt":25419,"minecraft:crouch_one_cm":35027,"minecraft:interact_with_smoker":6,"minecraft:horse_one_cm":18105,"minecraft:interact_with_smithing_table":12,"minecraft:mob_kills":172,"minecraft:interact_with_anvil":1,"minecraft:damage_dealt_resisted":299,"minecraft:climb_one_cm":1553,"minecraft:walk_one_cm":1121928,"minecraft:sneak_time":23244,"minecraft:walk_under_water_one_cm":16654,"minecraft:interact_with_blast_furnace":5,"minecraft:total_world_time":500355,"minecraft:time_since_rest":40150,"minecraft:damage_absorbed":80,"minecraft:damage_taken":5813,"minecraft:swim_one_cm":64870,"minecraft:fly_one_cm":577157,"minecraft:open_chest":290,"minecraft:fall_one_cm":98704},"minecraft:killed":{"minecraft:cave_spider":1,"minecraft:spider":5,"minecraft:skeleton":12,"minecraft:chicken":10,"gnumus:pitcher_mousse":15,"minecraft:pig":16,"minecraft:zombie_villager":1,"minecraft:salmon":8,"gnumus:big_snout":3,"minecraft:creeper":1,"gnumus:marsupial_mousse":5,"minecraft:sheep":21,"minecraft:donkey":5,"minecraft:zombie":32,"minecraft:glow_squid":4,"minecraft:cow":9,"gnumus:pitcher_mouse_pac":1,"minecraft:horse":5,"gnumus:gnumus_worker":2,"minecraft:llama":4,"gnumus:gnumus_hunter":5,"gnumus:gnumus_hunter_not_dispawn":3,"gnumus:gnumus_merchant":1,"minecraft:enderman":1},"minecraft:used":{"minecraft:moss_block":8,"minecraft:iron_shovel":242,"minecraft:spruce_slab":4,"minecraft:chest":7,"minecraft:shield":26,"minecraft:iron_sword":174,"minecraft:rotten_flesh":16,"minecraft:iron_chestplate":2,"minecraft:mutton":9,"minecraft:tuff":13,"minecraft:birch_sapling":1,"minecraft:iron_helmet":4,"minecraft:sweet_berries":5,"minecraft:furnace":4,"minecraft:oak_sapling":10,"minecraft:diorite":34,"minecraft:stone_pickaxe":537,"minecraft:oak_planks":57,"minecraft:wooden_pickaxe":60,"minecraft:white_wool":2,"minecraft:golden_apple":2,"minecraft:glow_berries":21,"gnumus:gnumus_pickaxe":4,"waystones:waystone":1,"gnumus:gnumus_chickpeas":18,"minecraft:bread":4,"minecraft:gravel":4,"minecraft:diamond_sword":219,"minecraft:cooked_rabbit":6,"gnumus:juicy_meat":4,"minecraft:experience_bottle":2,"minecraft:stone_sword":14,"minecraft:flint_and_steel":7,"minecraft:dead_bush":1,"minecraft:stone_shovel":131,"minecraft:cooked_chicken":2,"minecraft:torch":215,"minecraft:dirt":21,"minecraft:granite":13,"minecraft:wooden_axe":195,"minecraft:iron_axe":131,"minecraft:iron_boots":3,"minecraft:diamond_chestplate":3,"minecraft:cooked_beef":5,"minecraft:cobbled_deepslate":123,"minecraft:brown_candle":2,"minecraft:cooked_mutton":21,"minecraft:birch_planks":33,"gnumus:overripe_carrot":6,"minecraft:salmon":6,"minecraft:crafting_table":11,"minecraft:white_bed":6,"minecraft:cod":1,"gnumus:gnumus_cheese":4,"minecraft:flower_pot":2,"minecraft:diamond_pickaxe":14,"minecraft:apple":2,"minecraft:iron_pickaxe":942,"minecraft:stone_axe":41,"minecraft:cobblestone":312,"travelersbackpack:standard":8,"minecraft:porkchop":7,"minecraft:bucket":2,"minecraft:diamond_leggings":1,"minecraft:soul_torch":15}},"DataVersion":3465}