{"stats":{"minecraft:dropped":{"minecraft:oak_planks":1,"minecraft:cooked_mutton":2,"travelersbackpack:white_sleeping_bag":1},"minecraft:used":{"minecraft:stone_sword":11,"minecraft:stone_shovel":131,"minecraft:chest":3,"minecraft:shield":1,"minecraft:iron_sword":78,"minecraft:cooked_chicken":1,"minecraft:iron_chestplate":1,"minecraft:torch":29,"minecraft:dirt":16,"minecraft:wooden_axe":195,"minecraft:birch_sapling":1,"minecraft:iron_helmet":1,"minecraft:oak_sapling":9,"minecraft:furnace":4,"minecraft:cobbled_deepslate":11,"minecraft:cooked_mutton":15,"minecraft:diorite":13,"minecraft:birch_planks":33,"minecraft:stone_pickaxe":244,"minecraft:oak_planks":1,"minecraft:wooden_pickaxe":31,"gnumus:overripe_carrot":3,"minecraft:salmon":6,"minecraft:white_wool":2,"minecraft:golden_apple":2,"minecraft:crafting_table":8,"minecraft:white_bed":6,"minecraft:apple":1,"minecraft:bread":2,"minecraft:iron_pickaxe":292,"minecraft:stone_axe":39,"minecraft:cobblestone":111,"minecraft:porkchop":3,"gnumus:juicy_meat":2},"minecraft:broken":{"minecraft:stone_pickaxe":1,"minecraft:iron_pickaxe":1,"minecraft:wooden_axe":3,"minecraft:stone_shovel":1},"minecraft:mined":{"minecraft:white_bed":5,"minecraft:deepslate_diamond_ore":2,"minecraft:sculk_vein":2,"minecraft:granite":6,"minecraft:budding_amethyst":1,"minecraft:grass_block":10,"minecraft:spawner":3,"minecraft:furnace":2,"minecraft:cobbled_deepslate":1,"minecraft:iron_ore":15,"minecraft:andesite":75,"minecraft:azure_bluet":1,"minecraft:deepslate_iron_ore":4,"minecraft:deepslate_brick_stairs":1,"minecraft:stone":242,"minecraft:white_wool":2,"minecraft:medium_amethyst_bud":1,"minecraft:amethyst_cluster":1,"minecraft:crafting_table":5,"minecraft:torch":3,"minecraft:chest":1,"minecraft:cobblestone":74,"minecraft:copper_ore":3,"minecraft:deepslate_gold_ore":2,"minecraft:oak_planks":3,"minecraft:sculk":6,"minecraft:diorite":22,"minecraft:wall_torch":4,"minecraft:amethyst_block":5,"minecraft:birch_log":83,"minecraft:birch_leaves":5,"minecraft:grass":3,"minecraft:coal_ore":12,"minecraft:oak_log":68,"minecraft:sand":121,"minecraft:dirt":6,"minecraft:cobweb":49,"minecraft:gold_ore":2,"minecraft:oak_leaves":13,"minecraft:deepslate":47},"minecraft:picked_up":{"minecraft:crafting_table":5,"minecraft:azure_bluet":1,"minecraft:chicken":1,"gnumus:gnumus_claw":1,"minecraft:wooden_pickaxe":1,"minecraft:amethyst_block":5,"minecraft:string":84,"minecraft:raw_copper":74,"minecraft:cobbled_deepslate":28,"minecraft:light_gray_wool":2,"minecraft:chest":1,"minecraft:birch_sapling":12,"minecraft:furnace":2,"minecraft:raw_iron":114,"minecraft:stick":19,"gnumus:juicy_meat":2,"minecraft:torch":11,"minecraft:porkchop":3,"minecraft:diorite":24,"minecraft:stone_sword":1,"minecraft:arrow":8,"minecraft:rotten_flesh":10,"minecraft:deepslate_brick_stairs":1,"gnumus:mouse_skin":7,"minecraft:mutton":23,"minecraft:white_wool":13,"minecraft:rail":2,"minecraft:cobblestone":264,"minecraft:birch_log":84,"minecraft:feather":4,"minecraft:salmon":6,"minecraft:andesite":13,"gnumus:overripe_carrot":3,"minecraft:oak_log":63,"minecraft:dirt":19,"gnumus:gnumus_pouch_2":1,"minecraft:name_tag":1,"minecraft:cooked_mutton":2,"minecraft:bone":5,"minecraft:apple":3,"minecraft:wheat_seeds":1,"minecraft:raw_gold":48,"minecraft:stone_pickaxe":1,"minecraft:iron_ingot":16,"minecraft:iron_sword":2,"minecraft:oak_planks":5,"minecraft:gravel":1,"minecraft:sand":120,"minecraft:amethyst_shard":4,"minecraft:white_bed":6,"travelersbackpack:white_sleeping_bag":1,"minecraft:diamond":8,"minecraft:stone_axe":1,"waystones:waystone":1,"minecraft:iron_helmet":1,"minecraft:granite":1,"minecraft:gray_wool":1,"minecraft:bread":3,"minecraft:oak_sapling":23,"minecraft:coal":101},"minecraft:killed_by":{"minecraft:player":1,"minecraft:skeleton":1,"minecraft:zombie":2},"minecraft:crafted":{"minecraft:oak_planks":60,"minecraft:stone_shovel":1,"minecraft:cooked_chicken":1,"minecraft:furnace":2,"minecraft:cooked_mutton":23,"minecraft:iron_axe":2,"minecraft:stone_pickaxe":3,"minecraft:chest":2,"minecraft:crafting_table":4,"minecraft:wooden_pickaxe":3,"minecraft:iron_helmet":1,"minecraft:iron_sword":3,"minecraft:copper_ingot":61,"minecraft:birch_planks":92,"minecraft:stone_axe":2,"minecraft:air":0,"minecraft:iron_chestplate":1,"minecraft:charcoal":6,"minecraft:shield":1,"minecraft:stick":36,"minecraft:iron_ingot":62,"minecraft:iron_pickaxe":4,"minecraft:wooden_axe":4,"minecraft:stone_sword":1,"minecraft:white_bed":2,"minecraft:torch":20},"minecraft:custom":{"minecraft:mob_kills":51,"minecraft:interact_with_crafting_table":55,"minecraft:damage_dealt_resisted":130,"minecraft:leave_game":7,"minecraft:time_since_death":25065,"minecraft:sprint_one_cm":409446,"minecraft:walk_one_cm":313010,"minecraft:damage_blocked_by_shield":30,"minecraft:drop":4,"minecraft:play_time":150016,"minecraft:deaths":4,"minecraft:sneak_time":11736,"minecraft:walk_under_water_one_cm":15992,"minecraft:jump":1720,"minecraft:walk_on_water_one_cm":35988,"minecraft:total_world_time":150016,"minecraft:interact_with_furnace":59,"minecraft:sleep_in_bed":5,"minecraft:time_since_rest":25093,"minecraft:waystone_activated":1,"minecraft:damage_taken":2180,"minecraft:damage_absorbed":80,"minecraft:damage_dealt":5820,"minecraft:swim_one_cm":48377,"minecraft:fly_one_cm":221243,"minecraft:open_chest":21,"minecraft:crouch_one_cm":15435,"minecraft:fall_one_cm":36418},"minecraft:killed":{"minecraft:cave_spider":1,"minecraft:spider":1,"minecraft:skeleton":2,"minecraft:chicken":1,"gnumus:pitcher_mousse":8,"gnumus:gnumus_hunter":2,"minecraft:pig":2,"minecraft:salmon":8,"gnumus:marsupial_mousse":3,"minecraft:sheep":13,"minecraft:zombie":9}},"DataVersion":3465}