{"stats":{"minecraft:dropped":{"minecraft:oak_planks":1,"minecraft:cooked_mutton":2,"travelersbackpack:white_sleeping_bag":1},"minecraft:used":{"minecraft:stone_sword":14,"minecraft:stone_shovel":131,"minecraft:chest":3,"minecraft:shield":10,"minecraft:iron_sword":78,"minecraft:cooked_chicken":1,"minecraft:iron_chestplate":2,"minecraft:torch":65,"minecraft:dirt":20,"minecraft:mutton":2,"minecraft:tuff":9,"minecraft:wooden_axe":195,"minecraft:iron_axe":70,"minecraft:birch_sapling":1,"minecraft:iron_helmet":2,"minecraft:iron_boots":1,"minecraft:oak_sapling":9,"minecraft:furnace":4,"minecraft:cobbled_deepslate":96,"minecraft:cooked_mutton":17,"minecraft:diorite":31,"minecraft:birch_planks":33,"minecraft:stone_pickaxe":343,"minecraft:oak_planks":31,"minecraft:wooden_pickaxe":31,"gnumus:overripe_carrot":3,"minecraft:salmon":6,"minecraft:white_wool":2,"minecraft:golden_apple":2,"minecraft:glow_berries":10,"minecraft:crafting_table":8,"minecraft:white_bed":6,"gnumus:gnumus_cheese":1,"minecraft:apple":1,"minecraft:bread":4,"minecraft:iron_pickaxe":737,"minecraft:gravel":4,"minecraft:stone_axe":39,"minecraft:cobblestone":283,"minecraft:porkchop":7,"minecraft:cooked_rabbit":3,"gnumus:juicy_meat":2,"minecraft:soul_torch":15},"minecraft:broken":{"minecraft:stone_pickaxe":2,"minecraft:iron_pickaxe":2,"minecraft:wooden_axe":3,"minecraft:stone_shovel":1},"minecraft:mined":{"minecraft:tuff":11,"minecraft:white_bed":5,"minecraft:deepslate_diamond_ore":7,"minecraft:sculk_vein":2,"minecraft:granite":26,"minecraft:budding_amethyst":1,"minecraft:grass_block":13,"minecraft:spawner":3,"minecraft:furnace":2,"minecraft:cobbled_deepslate":10,"minecraft:iron_ore":17,"minecraft:andesite":77,"minecraft:azure_bluet":1,"minecraft:deepslate_iron_ore":10,"minecraft:deepslate_brick_stairs":1,"minecraft:stone":505,"minecraft:white_wool":2,"minecraft:medium_amethyst_bud":1,"minecraft:amethyst_cluster":1,"minecraft:crafting_table":5,"minecraft:torch":3,"minecraft:emerald_ore":1,"minecraft:chest":1,"minecraft:cobblestone":75,"minecraft:copper_ore":3,"minecraft:deepslate_gold_ore":5,"minecraft:oak_planks":3,"minecraft:sculk":6,"minecraft:diorite":57,"minecraft:wall_torch":4,"minecraft:amethyst_block":5,"minecraft:birch_log":93,"minecraft:birch_leaves":6,"minecraft:grass":3,"minecraft:coal_ore":12,"minecraft:oak_log":74,"minecraft:gravel":5,"minecraft:sand":121,"minecraft:dirt":19,"minecraft:cobweb":49,"minecraft:gold_ore":2,"minecraft:oak_leaves":13,"minecraft:deepslate":213},"minecraft:picked_up":{"minecraft:iron_chestplate":1,"minecraft:crafting_table":5,"minecraft:azure_bluet":1,"minecraft:chicken":2,"gnumus:gnumus_claw":3,"minecraft:wooden_pickaxe":1,"minecraft:shield":1,"minecraft:amethyst_block":5,"minecraft:string":84,"minecraft:raw_copper":74,"minecraft:iron_axe":1,"minecraft:iron_leggings":1,"minecraft:cobbled_deepslate":156,"minecraft:iron_pickaxe":1,"minecraft:light_gray_wool":2,"minecraft:chest":1,"minecraft:birch_sapling":13,"minecraft:iron_boots":1,"minecraft:furnace":2,"minecraft:raw_iron":130,"minecraft:stick":26,"gnumus:juicy_meat":2,"minecraft:torch":11,"minecraft:porkchop":7,"minecraft:diorite":75,"minecraft:stone_sword":2,"minecraft:arrow":12,"minecraft:rotten_flesh":11,"minecraft:deepslate_brick_stairs":1,"gnumus:mouse_skin":8,"minecraft:mutton":25,"minecraft:white_wool":14,"minecraft:rail":2,"minecraft:cobblestone":583,"minecraft:birch_log":94,"minecraft:feather":10,"minecraft:salmon":6,"minecraft:andesite":15,"gnumus:overripe_carrot":3,"minecraft:leather":5,"minecraft:tuff":10,"minecraft:oak_log":69,"minecraft:dirt":59,"gnumus:gnumus_pouch_2":2,"minecraft:name_tag":1,"minecraft:cooked_mutton":2,"minecraft:bone":7,"minecraft:apple":3,"minecraft:wheat_seeds":1,"minecraft:raw_gold":60,"minecraft:stone_pickaxe":1,"minecraft:iron_ingot":16,"minecraft:rabbit":3,"minecraft:iron_sword":2,"minecraft:oak_planks":43,"minecraft:gravel":5,"minecraft:sand":120,"minecraft:amethyst_shard":4,"gnumus:gnumus_cheese":1,"minecraft:white_bed":6,"travelersbackpack:white_sleeping_bag":1,"minecraft:diamond":17,"minecraft:stone_axe":1,"waystones:waystone":1,"minecraft:iron_helmet":2,"minecraft:granite":40,"minecraft:gray_wool":1,"minecraft:emerald":1,"minecraft:bread":3,"minecraft:oak_sapling":23,"minecraft:coal":101},"minecraft:killed_by":{"minecraft:player":1,"minecraft:skeleton":2,"minecraft:zombie":2},"minecraft:crafted":{"minecraft:oak_planks":100,"minecraft:stone_shovel":1,"minecraft:cooked_chicken":1,"minecraft:furnace":2,"minecraft:cooked_mutton":23,"minecraft:iron_boots":1,"minecraft:iron_axe":2,"minecraft:stone_pickaxe":3,"minecraft:chest":2,"minecraft:cooked_rabbit":3,"minecraft:crafting_table":4,"minecraft:wooden_pickaxe":3,"minecraft:iron_helmet":2,"minecraft:iron_sword":3,"minecraft:copper_ingot":61,"minecraft:birch_planks":92,"minecraft:stone_axe":2,"minecraft:air":0,"gnumus:gnumus_pickaxe":1,"minecraft:gold_nugget":9,"minecraft:iron_chestplate":2,"minecraft:charcoal":6,"minecraft:shield":2,"minecraft:stick":52,"minecraft:iron_ingot":81,"minecraft:iron_pickaxe":6,"minecraft:wooden_axe":4,"minecraft:stone_sword":1,"minecraft:iron_leggings":1,"minecraft:gold_ingot":29,"minecraft:white_bed":2,"minecraft:torch":52},"minecraft:custom":{"minecraft:mob_kills":72,"minecraft:interact_with_crafting_table":68,"minecraft:damage_dealt_resisted":299,"minecraft:leave_game":8,"minecraft:time_since_death":13888,"minecraft:climb_one_cm":286,"minecraft:sprint_one_cm":599967,"minecraft:walk_one_cm":459932,"minecraft:damage_blocked_by_shield":120,"minecraft:drop":4,"minecraft:play_time":249057,"minecraft:deaths":5,"minecraft:sneak_time":18527,"minecraft:walk_under_water_one_cm":15992,"minecraft:jump":2731,"minecraft:walk_on_water_one_cm":35988,"minecraft:total_world_time":249057,"minecraft:interact_with_furnace":70,"minecraft:sleep_in_bed":6,"minecraft:time_since_rest":13916,"minecraft:waystone_activated":1,"minecraft:damage_taken":3107,"minecraft:damage_absorbed":80,"minecraft:damage_dealt":8911,"minecraft:swim_one_cm":48377,"minecraft:fly_one_cm":319329,"minecraft:open_chest":47,"minecraft:crouch_one_cm":27060,"minecraft:fall_one_cm":52037},"minecraft:killed":{"minecraft:cave_spider":1,"minecraft:spider":2,"minecraft:skeleton":5,"minecraft:chicken":2,"gnumus:pitcher_mousse":14,"gnumus:gnumus_hunter":3,"minecraft:pig":4,"minecraft:salmon":8,"gnumus:marsupial_mousse":5,"minecraft:sheep":14,"minecraft:donkey":2,"minecraft:zombie":11}},"DataVersion":3465}