{"stats":{"minecraft:broken":{"minecraft:stone_pickaxe":1},"minecraft:killed_by":{"minecraft:player":26},"minecraft:picked_up":{"minecraft:iron_chestplate":1,"gnumus:gnumus_doubloons":49,"minecraft:flower_pot":1,"minecraft:water_bucket":1,"minecraft:andesite":17,"minecraft:brown_wool":1,"minecraft:red_mushroom":1,"minecraft:flint":1,"minecraft:oak_log":38,"gnumus:gnumus_pickaxe":1,"minecraft:dirt":4,"minecraft:string":1,"minecraft:raw_copper":36,"minecraft:apple":2,"minecraft:beef":13,"minecraft:azalea":2,"minecraft:iron_pickaxe":1,"minecraft:iron_sword":2,"minecraft:flowering_azalea":2,"minecraft:dark_oak_sapling":8,"minecraft:stick":4,"minecraft:raw_iron":23,"minecraft:sandstone":63,"minecraft:cooked_porkchop":61,"minecraft:torch":2,"minecraft:gravel":3,"minecraft:diorite":13,"minecraft:white_bed":1,"minecraft:crying_obsidian":2,"minecraft:iron_hoe":1,"minecraft:slime_ball":4,"gnumus:gnumus_clay":40,"minecraft:granite":34,"minecraft:oak_sapling":4,"minecraft:mutton":1,"minecraft:coal":9,"minecraft:white_wool":1,"minecraft:cobblestone":83,"minecraft:diamond_pickaxe":1},"minecraft:mined":{"minecraft:torch":2,"minecraft:granite":35,"minecraft:grass_block":2,"travelersbackpack:white_sleeping_bag":1,"minecraft:copper_ore":1,"minecraft:diorite":13,"minecraft:wall_torch":2,"minecraft:pink_petals":1,"minecraft:iron_ore":2,"minecraft:andesite":17,"minecraft:grass":1,"minecraft:oak_log":6,"minecraft:coal_ore":1,"minecraft:gravel":4,"minecraft:dirt":2,"minecraft:azalea":1,"minecraft:stone":81},"minecraft:crafted":{"minecraft:oak_planks":24,"minecraft:crafting_table":1,"minecraft:wooden_pickaxe":1,"minecraft:furnace":1,"minecraft:stick":8,"minecraft:stone_pickaxe":1,"minecraft:torch":12},"minecraft:custom":{"minecraft:interact_with_furnace":2,"minecraft:mob_kills":2,"minecraft:interact_with_crafting_table":4,"minecraft:leave_game":2,"minecraft:time_since_death":7492,"minecraft:sleep_in_bed":1,"minecraft:time_since_rest":7524,"minecraft:sprint_one_cm":6529,"minecraft:damage_taken":7010,"minecraft:walk_one_cm":161194,"minecraft:damage_dealt":2092,"minecraft:fly_one_cm":18425,"minecraft:player_kills":3,"minecraft:open_chest":1,"minecraft:play_time":21465,"minecraft:deaths":26,"minecraft:sneak_time":13,"minecraft:walk_under_water_one_cm":2186,"minecraft:jump":261,"minecraft:walk_on_water_one_cm":1709,"minecraft:total_world_time":21465,"minecraft:fall_one_cm":2298,"minecraft:horse_one_cm":208},"minecraft:killed":{"minecraft:spider":1,"minecraft:sheep":1},"minecraft:used":{"minecraft:stone_pickaxe":125,"minecraft:wooden_pickaxe":41,"minecraft:iron_sword":3,"minecraft:torch":6,"minecraft:crafting_table":1,"minecraft:iron_hoe":12,"minecraft:diamond_pickaxe":14,"minecraft:gravel":3,"minecraft:furnace":1}},"DataVersion":3465}