{"stats":{"minecraft:broken":{"minecraft:stone_pickaxe":1,"minecraft:iron_pickaxe":1},"minecraft:killed_by":{"minecraft:player":26},"minecraft:picked_up":{"minecraft:crafting_table":1,"minecraft:iron_chestplate":1,"gnumus:gnumus_doubloons":49,"minecraft:flower_pot":1,"minecraft:water_bucket":1,"minecraft:andesite":17,"minecraft:brown_wool":1,"minecraft:red_mushroom":1,"minecraft:flint":1,"minecraft:tuff":99,"minecraft:oak_log":38,"minecraft:amethyst_block":11,"minecraft:lapis_lazuli":67,"gnumus:gnumus_pickaxe":1,"minecraft:dirt":4,"minecraft:string":1,"minecraft:raw_copper":37,"minecraft:bone":1,"minecraft:apple":2,"minecraft:cobbled_deepslate":517,"minecraft:raw_gold":52,"minecraft:beef":13,"minecraft:calcite":4,"minecraft:azalea":2,"minecraft:iron_pickaxe":1,"minecraft:iron_sword":2,"minecraft:flowering_azalea":2,"minecraft:furnace":1,"minecraft:dark_oak_sapling":8,"minecraft:stick":4,"minecraft:raw_iron":32,"minecraft:sandstone":63,"minecraft:smooth_basalt":12,"minecraft:cooked_porkchop":61,"minecraft:torch":7,"minecraft:dripstone_block":1,"minecraft:gravel":10,"minecraft:amethyst_shard":8,"minecraft:pointed_dripstone":32,"minecraft:diorite":26,"minecraft:white_bed":1,"minecraft:redstone":249,"minecraft:crying_obsidian":2,"minecraft:iron_hoe":1,"minecraft:arrow":1,"minecraft:rotten_flesh":1,"minecraft:slime_ball":4,"minecraft:diamond":20,"gnumus:gnumus_clay":40,"minecraft:granite":34,"minecraft:oak_sapling":4,"minecraft:mutton":1,"minecraft:coal":9,"minecraft:white_wool":1,"minecraft:cobblestone":135,"minecraft:diamond_pickaxe":1},"minecraft:crafted":{"minecraft:oak_planks":24,"minecraft:crafting_table":1,"minecraft:wooden_pickaxe":1,"minecraft:iron_sword":1,"minecraft:furnace":1,"minecraft:cooked_mutton":1,"minecraft:air":0,"minecraft:iron_chestplate":1,"minecraft:diamond_pickaxe":1,"minecraft:stick":16,"minecraft:iron_pickaxe":1,"minecraft:iron_ingot":15,"minecraft:stone_pickaxe":1,"minecraft:torch":28},"minecraft:mined":{"minecraft:large_amethyst_bud":2,"minecraft:deepslate_redstone_ore":14,"minecraft:diamond_ore":2,"minecraft:tuff":102,"minecraft:deepslate_diamond_ore":4,"minecraft:medium_amethyst_bud":1,"minecraft:crafting_table":1,"minecraft:torch":6,"minecraft:granite":35,"minecraft:budding_amethyst":13,"minecraft:calcite":4,"minecraft:grass_block":2,"travelersbackpack:white_sleeping_bag":1,"minecraft:copper_ore":1,"minecraft:deepslate_gold_ore":7,"minecraft:lapis_ore":2,"minecraft:diorite":13,"minecraft:wall_torch":2,"minecraft:amethyst_block":11,"minecraft:pink_petals":1,"minecraft:redstone_ore":1,"minecraft:furnace":1,"minecraft:iron_ore":3,"minecraft:andesite":17,"minecraft:deepslate_lapis_ore":1,"minecraft:grass":1,"minecraft:pointed_dripstone":17,"minecraft:oak_log":6,"minecraft:coal_ore":1,"minecraft:deepslate_iron_ore":2,"minecraft:gravel":6,"minecraft:dirt":2,"minecraft:smooth_basalt":6,"minecraft:azalea":1,"minecraft:stone":133,"minecraft:deepslate":858},"minecraft:dropped":{"minecraft:granite":34,"minecraft:stick":3,"minecraft:flint":1,"minecraft:diorite":13,"minecraft:andesite":17,"minecraft:oak_sapling":2,"minecraft:string":1,"minecraft:smooth_basalt":7},"minecraft:custom":{"minecraft:interact_with_furnace":16,"minecraft:mob_kills":4,"minecraft:interact_with_crafting_table":10,"minecraft:leave_game":2,"minecraft:time_since_death":43492,"minecraft:sleep_in_bed":1,"minecraft:time_since_rest":43524,"minecraft:sprint_one_cm":8174,"minecraft:damage_taken":7188,"minecraft:walk_one_cm":272482,"minecraft:drop":13,"minecraft:damage_dealt":2572,"minecraft:fly_one_cm":19050,"minecraft:player_kills":3,"minecraft:open_chest":1,"minecraft:crouch_one_cm":810,"minecraft:play_time":57465,"minecraft:deaths":26,"minecraft:sneak_time":544,"minecraft:walk_under_water_one_cm":2489,"minecraft:jump":439,"minecraft:walk_on_water_one_cm":3213,"minecraft:total_world_time":57465,"minecraft:fall_one_cm":7506,"minecraft:horse_one_cm":208},"minecraft:killed":{"minecraft:spider":1,"minecraft:skeleton":1,"minecraft:sheep":1,"minecraft:zombie":1},"minecraft:used":{"minecraft:calcite":4,"minecraft:cooked_mutton":1,"minecraft:stone_pickaxe":125,"minecraft:wooden_pickaxe":41,"minecraft:iron_sword":12,"minecraft:rotten_flesh":1,"minecraft:iron_chestplate":1,"minecraft:torch":22,"minecraft:dirt":4,"minecraft:crafting_table":1,"minecraft:dripstone_block":1,"minecraft:iron_hoe":12,"minecraft:diamond_pickaxe":867,"minecraft:iron_pickaxe":253,"minecraft:gravel":10,"minecraft:furnace":1,"minecraft:cobbled_deepslate":5}},"DataVersion":3465}