{"stats":{"minecraft:used":{"minecraft:wooden_axe":60,"minecraft:pink_tulip":1,"minecraft:birch_sapling":2,"minecraft:dirt":3,"minecraft:crafting_table":1,"minecraft:oak_sapling":30,"minecraft:azure_bluet":1},"minecraft:mined":{"minecraft:birch_log":6,"minecraft:azure_bluet":1,"minecraft:grass_block":2,"minecraft:oak_log":48,"minecraft:dirt":2,"minecraft:pink_tulip":1,"minecraft:sugar_cane":1,"minecraft:oak_leaves":17},"minecraft:picked_up":{"minecraft:birch_log":6,"minecraft:stick":13,"minecraft:azure_bluet":1,"minecraft:salmon":1,"minecraft:oak_log":48,"minecraft:string":2,"minecraft:dirt":4,"minecraft:apple":1,"minecraft:pink_tulip":1,"minecraft:oak_sapling":32,"minecraft:sugar_cane":1,"minecraft:birch_sapling":2},"minecraft:crafted":{"minecraft:oak_planks":32,"minecraft:crafting_table":1,"minecraft:stick":4,"minecraft:wooden_axe":1},"minecraft:custom":{"minecraft:time_since_rest":2117,"minecraft:sprint_one_cm":33227,"minecraft:damage_taken":240,"minecraft:walk_one_cm":22203,"minecraft:mob_kills":4,"minecraft:damage_dealt":250,"minecraft:swim_one_cm":1779,"minecraft:interact_with_crafting_table":1,"minecraft:fly_one_cm":53361,"minecraft:crouch_one_cm":72,"minecraft:play_time":29027,"minecraft:deaths":1,"minecraft:sneak_time":47,"minecraft:walk_under_water_one_cm":4846,"minecraft:jump":261,"minecraft:leave_game":2,"minecraft:time_since_death":2078,"minecraft:walk_on_water_one_cm":370,"minecraft:total_world_time":29027,"minecraft:fall_one_cm":10275},"minecraft:killed":{"minecraft:salmon":3,"minecraft:spider":1}},"DataVersion":3465}