{"stats":{"minecraft:used":{"minecraft:wooden_axe":32,"minecraft:crafting_table":1,"minecraft:oak_sapling":16,"minecraft:birch_sapling":2},"minecraft:mined":{"minecraft:oak_log":29,"minecraft:birch_log":6,"minecraft:pink_tulip":1,"minecraft:oak_leaves":12},"minecraft:picked_up":{"minecraft:birch_log":6,"minecraft:stick":10,"minecraft:pink_tulip":1,"minecraft:oak_log":29,"minecraft:oak_sapling":16,"minecraft:birch_sapling":2},"minecraft:crafted":{"minecraft:oak_planks":32,"minecraft:crafting_table":1,"minecraft:stick":4,"minecraft:wooden_axe":1},"minecraft:custom":{"minecraft:time_since_rest":6175,"minecraft:crouch_one_cm":37,"minecraft:play_time":6175,"minecraft:sprint_one_cm":11827,"minecraft:damage_taken":40,"minecraft:walk_one_cm":7366,"minecraft:sneak_time":12,"minecraft:jump":64,"minecraft:time_since_death":6175,"minecraft:total_world_time":6175,"minecraft:interact_with_crafting_table":1,"minecraft:fall_one_cm":2467,"minecraft:fly_one_cm":14433}},"DataVersion":3465}