{"stats":{"minecraft:used":{"minecraft:wooden_axe":57,"minecraft:pink_tulip":1,"minecraft:birch_sapling":2,"minecraft:dirt":1,"minecraft:crafting_table":1,"minecraft:oak_sapling":23,"minecraft:azure_bluet":1},"minecraft:mined":{"minecraft:birch_log":6,"minecraft:azure_bluet":1,"minecraft:grass_block":1,"minecraft:oak_log":44,"minecraft:dirt":2,"minecraft:pink_tulip":1,"minecraft:sugar_cane":1,"minecraft:oak_leaves":12},"minecraft:picked_up":{"minecraft:birch_log":6,"minecraft:stick":13,"minecraft:azure_bluet":1,"minecraft:oak_log":44,"minecraft:string":2,"minecraft:dirt":3,"minecraft:pink_tulip":1,"minecraft:oak_sapling":25,"minecraft:sugar_cane":1,"minecraft:birch_sapling":2},"minecraft:crafted":{"minecraft:oak_planks":32,"minecraft:crafting_table":1,"minecraft:stick":4,"minecraft:wooden_axe":1},"minecraft:custom":{"minecraft:time_since_rest":16836,"minecraft:sprint_one_cm":24428,"minecraft:damage_taken":150,"minecraft:walk_one_cm":16452,"minecraft:mob_kills":1,"minecraft:damage_dealt":160,"minecraft:swim_one_cm":483,"minecraft:interact_with_crafting_table":1,"minecraft:fly_one_cm":36095,"minecraft:crouch_one_cm":72,"minecraft:play_time":16836,"minecraft:sneak_time":29,"minecraft:walk_under_water_one_cm":87,"minecraft:jump":188,"minecraft:leave_game":1,"minecraft:time_since_death":16836,"minecraft:walk_on_water_one_cm":140,"minecraft:total_world_time":16836,"minecraft:fall_one_cm":5519},"minecraft:killed":{"minecraft:spider":1}},"DataVersion":3465}