{"stats":{"minecraft:broken":{"minecraft:iron_boots":1,"minecraft:iron_chestplate":1,"minecraft:iron_leggings":1,"gnumus:gnumus_cutlass":2,"minecraft:iron_sword":1,"minecraft:wooden_axe":1,"minecraft:iron_hoe":4,"minecraft:iron_axe":1,"minecraft:iron_pickaxe":1,"minecraft:iron_helmet":2,"gnumus:gnumus_pickaxe":2},"minecraft:killed_by":{"minecraft:creeper":1,"minecraft:cave_spider":2,"minecraft:player":1},"minecraft:picked_up":{"minecraft:wooden_axe":1,"minecraft:iron_chestplate":3,"minecraft:flower_pot":1,"gnumus:gnumus_claw":30,"minecraft:enchanted_book":3,"minecraft:amethyst_block":1,"minecraft:string":99,"minecraft:raw_copper":209,"minecraft:iron_leggings":3,"minecraft:gold_nugget":14,"minecraft:cobbled_deepslate":235,"gnumus:packaged_goods":6,"minecraft:calcite":1,"minecraft:iron_pickaxe":4,"minecraft:iron_boots":3,"minecraft:furnace":4,"minecraft:stick":135,"minecraft:oak_fence":8,"minecraft:torch":80,"travelersbackpack:iron_tier_upgrade":2,"minecraft:porkchop":12,"minecraft:cherry_log":3,"minecraft:pointed_dripstone":2,"minecraft:diorite":8,"travelersbackpack:crafting_upgrade":2,"gnumus:grilled_juicy_meat":17,"minecraft:cauldron":1,"gnumus:wrapper_with_goods":1,"minecraft:rotten_flesh":33,"minecraft:red_tulip":1,"gnumus:gnumus_chickpeas":16,"minecraft:cod":4,"minecraft:cobblestone":172,"minecraft:birch_log":355,"gnumus:gnumus_doubloons":18,"minecraft:feather":14,"minecraft:cooked_beef":29,"minecraft:andesite":51,"gnumus:overripe_carrot":16,"minecraft:smoker":1,"gnumus:gnumus_cutlass":5,"minecraft:flint":10,"minecraft:tuff":9,"minecraft:dirt":34,"travelersbackpack:gold_tier_upgrade":10,"minecraft:lapis_lazuli":64,"gnumus:gnumus_pouch_2":10,"minecraft:bone":28,"minecraft:glass":35,"minecraft:bow":1,"minecraft:wheat_seeds":24,"minecraft:raw_gold":186,"minecraft:rabbit":6,"minecraft:oak_planks":431,"minecraft:sand":45,"minecraft:dark_oak_log":1,"travelersbackpack:white_sleeping_bag":6,"minecraft:diamond":63,"gnumus:gnumus_clay":63,"waystones:waystone":1,"minecraft:granite":1,"minecraft:emerald":1,"minecraft:oak_sapling":292,"minecraft:crafting_table":4,"minecraft:allium":2,"minecraft:azure_bluet":3,"minecraft:chicken":3,"minecraft:brown_mushroom":136,"minecraft:wooden_pickaxe":2,"minecraft:iron_axe":2,"minecraft:wooden_sword":1,"minecraft:iron_shovel":1,"minecraft:beef":57,"minecraft:poppy":12,"minecraft:sugar_cane":7,"minecraft:spruce_slab":1,"minecraft:birch_sapling":83,"minecraft:egg":2,"minecraft:raw_iron":393,"gnumus:juicy_meat":22,"minecraft:carrot":1,"minecraft:arrow":15,"minecraft:cooked_cod":4,"minecraft:peony":1,"minecraft:hay_block":6,"minecraft:gold_ingot":59,"gnumus:mouse_skin":52,"minecraft:glow_berries":9,"minecraft:mutton":15,"minecraft:white_wool":4,"minecraft:rail":4,"minecraft:stripped_oak_log":1,"minecraft:leather":75,"gnumus:gnumus_pouch":2,"minecraft:oak_log":165,"minecraft:gunpowder":2,"gnumus:gnumus_pickaxe":2,"minecraft:paper":8,"minecraft:cooked_mutton":2,"minecraft:apple":11,"gnumus:gnumus_horn":3,"minecraft:iron_ingot":189,"minecraft:stone_pickaxe":1,"minecraft:iron_sword":5,"minecraft:smooth_basalt":1,"minecraft:sweet_berries":3,"minecraft:dandelion":8,"minecraft:raw_iron_block":4,"minecraft:gravel":3,"gnumus:gnumus_cheese":5,"minecraft:white_bed":6,"minecraft:spruce_log":2,"minecraft:spider_eye":9,"travelersbackpack:standard":4,"minecraft:slime_ball":4,"minecraft:iron_helmet":3,"minecraft:cherry_sapling":5,"minecraft:gray_wool":1,"minecraft:coal":585,"minecraft:ender_pearl":2},"minecraft:mined":{"minecraft:white_bed":4,"minecraft:oak_sapling":16,"minecraft:sculk_vein":128,"minecraft:granite":1,"minecraft:grass_block":3,"minecraft:spawner":5,"minecraft:sculk_catalyst":3,"minecraft:iron_ore":46,"minecraft:cobbled_deepslate":9,"minecraft:fire":4,"minecraft:deepslate_lapis_ore":1,"minecraft:sculk_shrieker":1,"minecraft:red_tulip":1,"minecraft:water_cauldron":1,"minecraft:brown_mushroom":29,"minecraft:smoker":1,"minecraft:torch":30,"minecraft:calcite":2,"minecraft:poppy":13,"minecraft:cobblestone":18,"minecraft:oak_planks":38,"minecraft:wall_torch":11,"gnumus:gnumus_clay_block":5,"minecraft:birch_log":187,"minecraft:grass":105,"minecraft:oak_log":74,"minecraft:sand":45,"minecraft:dirt":2,"minecraft:smooth_basalt":1,"minecraft:oak_leaves":21,"minecraft:deepslate":188,"minecraft:diamond_ore":1,"minecraft:tuff":10,"minecraft:deepslate_diamond_ore":14,"minecraft:dark_oak_log":85,"travelersbackpack:white_sleeping_bag":2,"minecraft:hay_block":6,"minecraft:furnace":4,"minecraft:andesite":28,"minecraft:peony":1,"minecraft:deepslate_iron_ore":25,"minecraft:rail":1,"minecraft:stripped_oak_log":1,"gnumus:fragile_gnumus_jug":10,"minecraft:stone":106,"minecraft:dandelion":8,"minecraft:oak_fence":2,"minecraft:emerald_ore":1,"minecraft:sculk_sensor":13,"minecraft:tall_grass":19,"minecraft:copper_ore":4,"minecraft:deepslate_gold_ore":21,"minecraft:sculk":917,"minecraft:diorite":3,"minecraft:sweet_berry_bush":2,"minecraft:coal_ore":33,"minecraft:gravel":2,"minecraft:cobweb":48,"minecraft:gold_ore":4,"minecraft:fern":4},"minecraft:crafted":{"gnumus:grilled_juicy_meat":2,"minecraft:oak_planks":420,"minecraft:smooth_stone":4,"travelersbackpack:crafting_upgrade":1,"minecraft:cooked_chicken":7,"minecraft:stone":4,"minecraft:cooked_mutton":12,"minecraft:glass":45,"minecraft:iron_boots":1,"minecraft:chest":4,"minecraft:oak_fence":9,"travelersbackpack:iron_tier_upgrade":3,"gnumus:gnumus_cutlass":3,"minecraft:cooked_porkchop":11,"minecraft:crafting_table":6,"minecraft:spruce_planks":8,"minecraft:wooden_pickaxe":1,"travelersbackpack:standard":6,"minecraft:iron_helmet":1,"minecraft:smithing_table":1,"minecraft:birch_planks":32,"gnumus:gnumus_pickaxe":3,"minecraft:iron_chestplate":2,"minecraft:stick":96,"minecraft:iron_ingot":162,"minecraft:iron_pickaxe":2,"minecraft:gold_ingot":50,"minecraft:raw_iron":36,"minecraft:furnace":8,"minecraft:blast_furnace":1,"minecraft:bone_meal":15,"travelersbackpack:blank_upgrade":8,"travelersbackpack:gold_tier_upgrade":1,"travelersbackpack:white_sleeping_bag":2,"minecraft:iron_axe":2,"minecraft:iron_hoe":7,"minecraft:stone_pickaxe":1,"minecraft:cooked_beef":40,"travelersbackpack:backpack_tank":8,"minecraft:iron_sword":2,"minecraft:air":0,"minecraft:gold_nugget":18,"minecraft:wooden_axe":1,"minecraft:iron_shovel":1,"minecraft:iron_leggings":2,"minecraft:white_bed":1,"minecraft:torch":344},"minecraft:dropped":{"minecraft:iron_sword":3,"minecraft:brown_mushroom":27,"minecraft:birch_planks":27,"minecraft:cooked_beef":2,"gnumus:overripe_carrot":1,"minecraft:oak_log":15,"minecraft:diamond":1,"minecraft:glow_berries":3,"travelersbackpack:iron_tier_upgrade":2,"travelersbackpack:standard":5,"gnumus:gnumus_pickaxe":1,"minecraft:rail":2,"minecraft:dark_oak_log":1,"minecraft:wooden_sword":1,"gnumus:grilled_juicy_meat":7,"minecraft:birch_log":174,"minecraft:gold_ingot":13,"minecraft:bone":7,"minecraft:gravel":1,"minecraft:sugar_cane":2,"minecraft:cobbled_deepslate":56,"minecraft:pointed_dripstone":1,"minecraft:cherry_sapling":1,"minecraft:rotten_flesh":29,"minecraft:oak_planks":91,"minecraft:azure_bluet":3,"gnumus:gnumus_doubloons":1,"minecraft:poppy":12,"travelersbackpack:gold_tier_upgrade":2,"minecraft:melon_seeds":4,"gnumus:gnumus_horn":2,"minecraft:arrow":6,"minecraft:egg":1,"minecraft:iron_ingot":7,"gnumus:gnumus_cutlass":2,"minecraft:wheat_seeds":18,"minecraft:oak_fence":5,"minecraft:cobblestone":1,"minecraft:apple":3,"minecraft:coal":1,"minecraft:stick":71,"minecraft:diorite":2,"minecraft:torch":8,"minecraft:wooden_axe":1,"minecraft:string":2,"minecraft:dandelion":8,"minecraft:tuff":5,"minecraft:iron_hoe":2,"minecraft:allium":1,"gnumus:gnumus_chickpeas":6,"minecraft:oak_sapling":98,"gnumus:packaged_goods":1,"minecraft:spider_eye":1,"minecraft:stone_pickaxe":1,"minecraft:wooden_pickaxe":2,"minecraft:raw_gold":1,"minecraft:red_tulip":1},"minecraft:custom":{"minecraft:interact_with_crafting_table":71,"minecraft:open_barrel":9,"minecraft:leave_game":2,"minecraft:time_since_death":149773,"minecraft:sprint_one_cm":1876678,"minecraft:drop":113,"minecraft:play_time":440064,"minecraft:deaths":4,"minecraft:jump":7543,"minecraft:walk_on_water_one_cm":66117,"minecraft:interact_with_furnace":133,"minecraft:sleep_in_bed":17,"minecraft:waystone_activated":1,"minecraft:damage_dealt":20663,"minecraft:player_kills":3,"minecraft:crouch_one_cm":36276,"minecraft:interact_with_smoker":25,"minecraft:horse_one_cm":2897,"minecraft:interact_with_smithing_table":9,"minecraft:mob_kills":113,"minecraft:interact_with_campfire":8,"minecraft:damage_dealt_resisted":60,"minecraft:climb_one_cm":432,"minecraft:walk_one_cm":1193594,"minecraft:sneak_time":11238,"minecraft:walk_under_water_one_cm":23125,"minecraft:interact_with_blast_furnace":21,"minecraft:total_world_time":440064,"minecraft:time_since_rest":64150,"minecraft:damage_taken":6467,"minecraft:swim_one_cm":53316,"minecraft:fly_one_cm":1264074,"minecraft:open_chest":147,"minecraft:fall_one_cm":180547},"minecraft:killed":{"minecraft:cave_spider":14,"minecraft:spider":8,"minecraft:skeleton":11,"minecraft:chicken":1,"gnumus:pitcher_mousse":5,"minecraft:pig":4,"gnumus:big_snout":3,"minecraft:creeper":1,"gnumus:marsupial_mousse":1,"minecraft:sheep":4,"minecraft:zombie":20,"minecraft:cow":18,"minecraft:slime":3,"minecraft:phantom":1,"gnumus:gnumus_worker":1,"gnumus:gnumus_hunter":4,"gnumus:gnumus_hunter_not_dispawn":6,"minecraft:bat":1,"minecraft:enderman":2},"minecraft:used":{"minecraft:iron_shovel":26,"minecraft:spruce_slab":1,"minecraft:iron_sword":343,"minecraft:rotten_flesh":2,"minecraft:iron_chestplate":1,"minecraft:mutton":3,"minecraft:tuff":4,"minecraft:iron_helmet":2,"minecraft:furnace":11,"minecraft:oak_sapling":16,"minecraft:cooked_cod":2,"minecraft:egg":1,"gnumus:grilled_juicy_meat":11,"minecraft:stone_pickaxe":54,"minecraft:oak_planks":100,"minecraft:wooden_pickaxe":17,"minecraft:glow_berries":3,"minecraft:blast_furnace":1,"gnumus:gnumus_cutlass":25,"gnumus:gnumus_pickaxe":16,"gnumus:gnumus_chickpeas":5,"minecraft:gravel":1,"minecraft:smithing_table":1,"minecraft:andesite":10,"minecraft:bone_meal":10,"minecraft:oak_fence":11,"minecraft:cooked_chicken":7,"minecraft:torch":367,"minecraft:dirt":7,"minecraft:granite":1,"minecraft:iron_hoe":1064,"minecraft:wooden_axe":44,"minecraft:iron_axe":456,"minecraft:iron_boots":3,"minecraft:smooth_basalt":1,"minecraft:beef":3,"minecraft:cooked_beef":46,"minecraft:cobbled_deepslate":99,"minecraft:iron_leggings":3,"minecraft:calcite":1,"minecraft:cooked_mutton":14,"minecraft:brown_mushroom":1,"minecraft:cauldron":1,"minecraft:crafting_table":5,"minecraft:white_bed":6,"minecraft:flower_pot":1,"minecraft:apple":5,"minecraft:iron_pickaxe":480,"travelersbackpack:white_sleeping_bag":5,"minecraft:cobblestone":78,"minecraft:cooked_porkchop":11}},"DataVersion":3465}