{"stats":{"minecraft:broken":{"minecraft:iron_boots":2,"minecraft:iron_chestplate":2,"minecraft:iron_leggings":2,"gnumus:gnumus_cutlass":2,"minecraft:iron_sword":2,"minecraft:wooden_axe":1,"minecraft:iron_hoe":4,"minecraft:iron_axe":1,"minecraft:iron_pickaxe":2,"minecraft:iron_helmet":2,"gnumus:gnumus_pickaxe":3},"minecraft:killed_by":{"minecraft:creeper":1,"minecraft:cave_spider":2,"minecraft:player":5},"minecraft:picked_up":{"minecraft:wooden_axe":1,"minecraft:iron_chestplate":7,"minecraft:flower_pot":1,"gnumus:gnumus_claw":59,"minecraft:lead":3,"minecraft:enchanted_book":3,"minecraft:stone_brick_stairs":2,"minecraft:brewing_stand":1,"minecraft:amethyst_block":1,"minecraft:string":116,"minecraft:soul_soil":2,"minecraft:raw_copper":212,"minecraft:iron_leggings":7,"minecraft:cobbled_deepslate":235,"minecraft:gold_nugget":50,"gnumus:packaged_goods":61,"minecraft:calcite":1,"minecraft:azalea":6,"minecraft:iron_pickaxe":7,"minecraft:furnace":4,"minecraft:iron_boots":3,"minecraft:stick":140,"minecraft:oak_fence":8,"minecraft:torch":124,"travelersbackpack:iron_tier_upgrade":2,"minecraft:porkchop":12,"minecraft:cherry_log":79,"minecraft:pointed_dripstone":2,"minecraft:diorite":8,"travelersbackpack:crafting_upgrade":2,"gnumus:grilled_juicy_meat":38,"minecraft:cauldron":1,"gnumus:wrapper_with_goods":2,"gnumus:vintage_metal":10,"minecraft:rotten_flesh":51,"minecraft:red_tulip":1,"gnumus:gnumus_chickpeas":33,"minecraft:obsidian":17,"minecraft:iron_bars":7,"minecraft:cod":8,"minecraft:cobblestone":191,"minecraft:birch_log":355,"minecraft:pink_petals":6,"minecraft:magma_block":11,"gnumus:gnumus_doubloons":209,"minecraft:feather":34,"minecraft:cooked_beef":29,"minecraft:birch_slab":1,"minecraft:cherry_planks":2,"minecraft:water_bucket":4,"minecraft:andesite":51,"gnumus:overripe_carrot":57,"minecraft:brown_wool":4,"minecraft:smoker":2,"gnumus:gnumus_cutlass":6,"minecraft:flint":10,"minecraft:tuff":9,"travelersbackpack:gold_tier_upgrade":10,"minecraft:lapis_lazuli":64,"minecraft:dirt":193,"gnumus:gnumus_pouch_2":12,"minecraft:name_tag":2,"minecraft:glass":35,"minecraft:bone":34,"minecraft:bow":4,"minecraft:wheat_seeds":47,"minecraft:raw_gold":186,"minecraft:rabbit":17,"minecraft:moss_block":3,"minecraft:oak_planks":433,"minecraft:cooked_porkchop":247,"minecraft:birch_fence_gate":1,"minecraft:sand":221,"minecraft:dark_oak_log":1,"travelersbackpack:white_sleeping_bag":7,"minecraft:iron_hoe":3,"gnumus:vintage_parts":15,"minecraft:diamond":63,"gnumus:gnumus_clay":268,"waystones:waystone":7,"minecraft:granite":1,"minecraft:emerald":16,"minecraft:bread":15,"minecraft:oak_sapling":292,"minecraft:netherrack":706,"minecraft:dark_oak_fence":4,"minecraft:diamond_pickaxe":3,"minecraft:crafting_table":4,"minecraft:allium":2,"minecraft:azure_bluet":3,"minecraft:chicken":3,"minecraft:brown_mushroom":136,"minecraft:wooden_pickaxe":2,"minecraft:gold_block":2,"minecraft:iron_axe":2,"minecraft:wooden_sword":1,"minecraft:iron_shovel":1,"minecraft:birch_fence":50,"minecraft:blackstone":2,"minecraft:cracked_stone_bricks":2,"minecraft:beef":107,"minecraft:poppy":12,"minecraft:spruce_slab":1,"minecraft:sugar_cane":7,"minecraft:birch_sapling":91,"minecraft:phantom_membrane":2,"minecraft:egg":3,"minecraft:dark_oak_sapling":20,"minecraft:raw_iron":420,"minecraft:sandstone":644,"minecraft:oak_door":2,"gnumus:juicy_meat":38,"gnumus:gnumus_clay_brick":1,"minecraft:carrot":1,"minecraft:arrow":17,"minecraft:cooked_cod":4,"minecraft:peony":5,"minecraft:hay_block":46,"minecraft:saddle":1,"minecraft:gold_ingot":59,"gnumus:gnumus_pouch_3":1,"gnumus:mouse_skin":68,"minecraft:glow_berries":9,"minecraft:mutton":15,"minecraft:rail":4,"minecraft:white_wool":4,"minecraft:stripped_oak_log":1,"minecraft:basalt":41,"minecraft:golden_carrot":9,"minecraft:leather":98,"minecraft:red_mushroom":5,"gnumus:gnumus_pouch":8,"minecraft:birch_planks":5,"minecraft:oak_log":213,"minecraft:gunpowder":2,"gnumus:gnumus_pickaxe":6,"minecraft:paper":65,"minecraft:cooked_mutton":3,"minecraft:smooth_sandstone":1,"minecraft:apple":27,"gnumus:gnumus_horn":3,"minecraft:rabbit_hide":3,"minecraft:iron_ingot":189,"minecraft:stone_pickaxe":1,"minecraft:iron_sword":10,"minecraft:flowering_azalea":7,"minecraft:soul_sand":65,"minecraft:smooth_basalt":1,"minecraft:birch_boat":4,"minecraft:sweet_berries":7,"minecraft:chiseled_stone_bricks":1,"gnumus:vintage_alloy_ingot":1,"minecraft:quartz":28,"minecraft:dandelion":8,"minecraft:dripstone_block":30,"minecraft:raw_iron_block":4,"minecraft:gravel":3,"minecraft:birch_stairs":1,"gnumus:gnumus_cheese":18,"minecraft:blast_furnace":1,"minecraft:white_bed":12,"minecraft:spruce_log":2,"minecraft:crying_obsidian":10,"minecraft:spider_eye":12,"travelersbackpack:standard":4,"minecraft:slime_ball":12,"minecraft:iron_helmet":3,"minecraft:cherry_sapling":21,"minecraft:gray_wool":1,"minecraft:terracotta":1,"minecraft:coal":596,"minecraft:ender_pearl":20},"minecraft:crafted":{"gnumus:grilled_juicy_meat":13,"minecraft:smooth_stone":4,"minecraft:oak_planks":420,"travelersbackpack:crafting_upgrade":1,"minecraft:birch_boat":1,"minecraft:cooked_chicken":7,"minecraft:birch_slab":66,"minecraft:stone":4,"minecraft:cooked_mutton":12,"minecraft:glass":45,"minecraft:diamond_helmet":1,"minecraft:diamond_leggings":1,"minecraft:iron_boots":2,"gnumus:vintage_alloy_ingot":2,"minecraft:birch_fence_gate":2,"minecraft:chest":5,"minecraft:oak_fence":9,"travelersbackpack:iron_tier_upgrade":3,"gnumus:gnumus_cutlass":4,"minecraft:cooked_porkchop":75,"minecraft:crafting_table":6,"minecraft:spruce_planks":8,"gnumus:vintage_gnumus_cutlass":1,"minecraft:iron_helmet":2,"minecraft:wooden_pickaxe":1,"travelersbackpack:standard":6,"minecraft:smithing_table":1,"minecraft:birch_planks":32,"gnumus:gnumus_pickaxe":3,"minecraft:iron_chestplate":3,"minecraft:diamond_pickaxe":2,"minecraft:stick":108,"minecraft:iron_ingot":286,"minecraft:iron_pickaxe":2,"minecraft:gold_ingot":68,"minecraft:cherry_planks":8,"minecraft:raw_iron":36,"minecraft:spyglass":2,"minecraft:furnace":8,"minecraft:blast_furnace":1,"minecraft:bone_meal":15,"travelersbackpack:blank_upgrade":8,"travelersbackpack:gold_tier_upgrade":1,"travelersbackpack:white_sleeping_bag":2,"minecraft:iron_axe":3,"minecraft:iron_hoe":7,"minecraft:stone_pickaxe":1,"minecraft:diamond_boots":1,"minecraft:wheat":45,"minecraft:cooked_beef":40,"travelersbackpack:backpack_tank":8,"minecraft:iron_sword":3,"minecraft:bucket":1,"minecraft:air":0,"minecraft:bread":15,"minecraft:oak_boat":1,"minecraft:gold_nugget":18,"minecraft:wooden_axe":1,"minecraft:iron_leggings":3,"minecraft:iron_shovel":2,"minecraft:white_bed":4,"minecraft:torch":356,"minecraft:diamond_chestplate":1},"minecraft:mined":{"minecraft:white_bed":6,"minecraft:oak_sapling":16,"minecraft:sculk_vein":128,"minecraft:brewing_stand":1,"minecraft:obsidian":14,"minecraft:granite":1,"minecraft:grass_block":53,"minecraft:spawner":5,"minecraft:magma_block":21,"minecraft:sculk_catalyst":3,"minecraft:iron_ore":46,"minecraft:cobbled_deepslate":9,"minecraft:fire":45,"minecraft:deepslate_lapis_ore":1,"minecraft:sculk_shrieker":1,"minecraft:red_tulip":1,"minecraft:water_cauldron":1,"minecraft:azalea":3,"minecraft:brown_mushroom":29,"minecraft:smoker":3,"minecraft:soul_fire":3,"minecraft:torch":36,"minecraft:blast_furnace":1,"minecraft:calcite":2,"minecraft:poppy":13,"minecraft:nether_quartz_ore":3,"minecraft:cobblestone":18,"minecraft:oak_planks":39,"gnumus:gnumus_clay_brick":1,"minecraft:wall_torch":18,"minecraft:pink_petals":1,"gnumus:gnumus_clay_block":5,"minecraft:birch_log":187,"minecraft:stone_brick_stairs":3,"minecraft:grass":112,"minecraft:oak_log":74,"minecraft:sand":103,"minecraft:dirt":37,"minecraft:smooth_basalt":1,"minecraft:netherrack":633,"minecraft:oak_leaves":35,"minecraft:deepslate":188,"minecraft:nether_gold_ore":1,"minecraft:diamond_ore":1,"minecraft:tuff":10,"minecraft:deepslate_diamond_ore":14,"minecraft:oak_door":2,"minecraft:dark_oak_log":85,"minecraft:birch_fence_gate":1,"minecraft:dark_oak_fence":4,"travelersbackpack:white_sleeping_bag":2,"minecraft:birch_slab":1,"minecraft:spruce_leaves":3,"minecraft:sandstone":139,"minecraft:hay_block":47,"minecraft:furnace":4,"minecraft:andesite":28,"minecraft:peony":1,"minecraft:gold_block":2,"minecraft:deepslate_iron_ore":25,"minecraft:rail":1,"minecraft:stripped_oak_log":1,"gnumus:fragile_gnumus_jug":27,"minecraft:stone":108,"minecraft:birch_stairs":1,"minecraft:flowering_azalea":3,"minecraft:soul_sand":1,"gnumus:gnumus_clay_brick_wall":1,"minecraft:brown_carpet":2,"minecraft:basalt":20,"minecraft:dandelion":8,"minecraft:oak_fence":2,"minecraft:smooth_sandstone":1,"minecraft:emerald_ore":1,"minecraft:sculk_sensor":13,"minecraft:copper_ore":4,"minecraft:tall_grass":20,"minecraft:deepslate_gold_ore":21,"minecraft:sculk":917,"minecraft:diorite":3,"minecraft:birch_planks":5,"minecraft:sweet_berry_bush":2,"minecraft:birch_leaves":12,"minecraft:coal_ore":33,"minecraft:gravel":2,"minecraft:cobweb":48,"minecraft:terracotta":1,"minecraft:gold_ore":4,"minecraft:fern":4},"minecraft:dropped":{"minecraft:iron_sword":3,"minecraft:moss_block":3,"minecraft:soul_sand":65,"minecraft:brown_mushroom":27,"minecraft:birch_planks":27,"minecraft:cooked_beef":2,"gnumus:overripe_carrot":1,"minecraft:oak_log":15,"minecraft:diamond":1,"minecraft:dark_oak_sapling":4,"minecraft:glow_berries":3,"travelersbackpack:iron_tier_upgrade":2,"minecraft:cracked_stone_bricks":2,"travelersbackpack:standard":5,"minecraft:rail":3,"gnumus:gnumus_pickaxe":1,"minecraft:red_mushroom":1,"minecraft:dirt":1,"minecraft:dark_oak_log":1,"minecraft:dark_oak_fence":1,"minecraft:wooden_sword":1,"minecraft:gold_nugget":36,"minecraft:sand":156,"gnumus:grilled_juicy_meat":11,"minecraft:birch_log":174,"minecraft:gold_ingot":13,"minecraft:bone":19,"minecraft:oak_door":2,"minecraft:gravel":1,"minecraft:sugar_cane":2,"minecraft:spyglass":1,"minecraft:cobbled_deepslate":56,"minecraft:birch_sapling":2,"minecraft:obsidian":2,"minecraft:pointed_dripstone":2,"minecraft:cherry_sapling":1,"minecraft:rotten_flesh":34,"minecraft:oak_planks":93,"minecraft:azure_bluet":3,"minecraft:chiseled_stone_bricks":1,"travelersbackpack:gold_tier_upgrade":2,"gnumus:gnumus_doubloons":1,"minecraft:poppy":12,"minecraft:rabbit_hide":1,"minecraft:melon_seeds":4,"minecraft:azalea":6,"gnumus:gnumus_horn":2,"gnumus:vintage_gnumus_cutlass":1,"minecraft:iron_bars":7,"minecraft:arrow":12,"gnumus:vintage_parts":5,"minecraft:crying_obsidian":2,"minecraft:stone_brick_stairs":2,"minecraft:quartz":28,"minecraft:netherrack":427,"minecraft:egg":2,"minecraft:iron_ingot":7,"gnumus:gnumus_cutlass":2,"minecraft:wheat_seeds":39,"minecraft:cherry_log":74,"minecraft:feather":4,"minecraft:oak_fence":5,"minecraft:cobblestone":6,"minecraft:apple":4,"minecraft:coal":4,"minecraft:stick":71,"minecraft:diorite":2,"minecraft:torch":24,"minecraft:wooden_axe":1,"minecraft:cherry_planks":4,"minecraft:flowering_azalea":4,"minecraft:iron_shovel":1,"minecraft:paper":8,"minecraft:string":12,"minecraft:pink_petals":3,"minecraft:dandelion":8,"gnumus:vintage_alloy_ingot":1,"minecraft:soul_soil":2,"minecraft:raw_copper":3,"minecraft:tuff":5,"minecraft:iron_hoe":2,"minecraft:allium":1,"minecraft:peony":1,"minecraft:diamond_pickaxe":1,"minecraft:golden_leggings":1,"gnumus:gnumus_chickpeas":6,"minecraft:oak_sapling":98,"gnumus:packaged_goods":1,"minecraft:spider_eye":8,"minecraft:sandstone":385,"minecraft:stone_pickaxe":1,"minecraft:wooden_pickaxe":2,"minecraft:raw_gold":1,"minecraft:red_tulip":1,"minecraft:magma_block":6},"minecraft:custom":{"minecraft:animals_bred":1,"minecraft:interact_with_crafting_table":91,"minecraft:open_barrel":11,"minecraft:bell_ring":3,"minecraft:leave_game":4,"minecraft:time_since_death":142852,"minecraft:sprint_one_cm":2748557,"minecraft:drop":221,"minecraft:talked_to_villager":1,"minecraft:play_time":727822,"minecraft:deaths":8,"minecraft:jump":10537,"minecraft:walk_on_water_one_cm":85760,"minecraft:interact_with_furnace":139,"minecraft:sleep_in_bed":21,"minecraft:waystone_activated":11,"minecraft:damage_dealt":34339,"minecraft:player_kills":17,"minecraft:crouch_one_cm":47462,"minecraft:interact_with_smoker":36,"minecraft:horse_one_cm":191215,"minecraft:interact_with_smithing_table":13,"minecraft:interact_with_anvil":2,"minecraft:mob_kills":167,"minecraft:interact_with_campfire":8,"minecraft:damage_dealt_resisted":60,"minecraft:climb_one_cm":432,"minecraft:walk_one_cm":1902550,"minecraft:sneak_time":14619,"minecraft:walk_under_water_one_cm":30580,"minecraft:boat_one_cm":29675,"minecraft:interact_with_blast_furnace":40,"minecraft:total_world_time":727822,"minecraft:time_since_rest":26026,"minecraft:damage_taken":11072,"minecraft:swim_one_cm":70410,"minecraft:fly_one_cm":1811654,"minecraft:open_chest":308,"minecraft:fall_one_cm":235774},"minecraft:killed":{"minecraft:cave_spider":14,"minecraft:spider":19,"minecraft:skeleton":15,"minecraft:chicken":1,"gnumus:pitcher_mousse":10,"minecraft:skeleton_horse":1,"minecraft:pig":4,"gnumus:big_snout":6,"minecraft:creeper":1,"gnumus:marsupial_mousse":1,"minecraft:sheep":4,"minecraft:zombie":28,"minecraft:cow":22,"minecraft:slime":3,"minecraft:phantom":5,"gnumus:gnumus_worker":2,"gnumus:gnumus_hunter":13,"gnumus:gnumus_hunter_not_dispawn":7,"minecraft:husk":1,"minecraft:bat":1,"minecraft:enderman":2},"minecraft:used":{"minecraft:iron_shovel":155,"minecraft:spruce_slab":1,"minecraft:chest":1,"minecraft:iron_sword":614,"minecraft:rotten_flesh":2,"minecraft:iron_chestplate":3,"minecraft:mutton":3,"minecraft:tuff":4,"minecraft:obsidian":16,"gnumus:gnumus_clay_brick":1,"minecraft:iron_helmet":3,"minecraft:magma_block":3,"minecraft:oak_sapling":16,"minecraft:furnace":11,"minecraft:cooked_cod":2,"minecraft:egg":1,"gnumus:grilled_juicy_meat":19,"minecraft:oak_planks":110,"minecraft:stone_pickaxe":54,"minecraft:blackstone":2,"minecraft:wooden_pickaxe":17,"minecraft:sandstone":8,"minecraft:glow_berries":3,"minecraft:sand":22,"minecraft:blast_furnace":2,"gnumus:gnumus_cutlass":25,"gnumus:gnumus_pickaxe":18,"minecraft:birch_fence":30,"waystones:waystone":6,"minecraft:birch_fence_gate":3,"minecraft:birch_slab":64,"gnumus:gnumus_chickpeas":5,"minecraft:bread":20,"minecraft:brown_wool":1,"minecraft:gravel":1,"minecraft:dark_oak_fence":3,"minecraft:smithing_table":1,"minecraft:andesite":10,"minecraft:oak_boat":1,"minecraft:bone_meal":10,"minecraft:oak_fence":11,"minecraft:cooked_chicken":7,"minecraft:netherrack":226,"minecraft:torch":407,"minecraft:dirt":48,"minecraft:spyglass":192,"minecraft:granite":1,"minecraft:iron_hoe":1113,"minecraft:wooden_axe":44,"minecraft:iron_axe":465,"minecraft:smooth_sandstone":1,"minecraft:iron_boots":4,"minecraft:smooth_basalt":1,"minecraft:golden_carrot":9,"minecraft:beef":3,"minecraft:cooked_beef":46,"minecraft:cobbled_deepslate":99,"gnumus:vintage_gnumus_cutlass":5,"minecraft:iron_leggings":4,"minecraft:calcite":1,"minecraft:cooked_mutton":15,"minecraft:water_bucket":16,"minecraft:birch_planks":78,"minecraft:birch_boat":4,"minecraft:brown_mushroom":1,"minecraft:cauldron":1,"minecraft:terracotta":1,"minecraft:crafting_table":5,"minecraft:white_bed":11,"minecraft:smoker":1,"minecraft:flower_pot":1,"minecraft:diamond_pickaxe":772,"minecraft:apple":5,"minecraft:iron_pickaxe":581,"travelersbackpack:white_sleeping_bag":6,"minecraft:pink_petals":3,"minecraft:cobblestone":81,"minecraft:cooked_porkchop":28,"minecraft:bucket":17,"minecraft:birch_stairs":1}},"DataVersion":3465}