{"stats":{"minecraft:broken":{"minecraft:iron_boots":1,"minecraft:iron_chestplate":1,"minecraft:iron_leggings":1,"gnumus:gnumus_cutlass":1,"minecraft:iron_axe":1,"minecraft:iron_sword":1,"minecraft:iron_pickaxe":1,"minecraft:iron_helmet":1,"minecraft:wooden_axe":1,"gnumus:gnumus_pickaxe":1,"minecraft:iron_hoe":4},"minecraft:killed_by":{"minecraft:player":1,"minecraft:creeper":1,"minecraft:cave_spider":2},"minecraft:picked_up":{"minecraft:wooden_axe":1,"minecraft:flower_pot":1,"minecraft:iron_chestplate":3,"minecraft:crafting_table":4,"minecraft:allium":2,"minecraft:azure_bluet":3,"minecraft:chicken":3,"minecraft:brown_mushroom":136,"gnumus:gnumus_claw":21,"minecraft:wooden_pickaxe":2,"minecraft:enchanted_book":3,"minecraft:amethyst_block":1,"minecraft:string":97,"minecraft:raw_copper":209,"minecraft:iron_axe":2,"minecraft:wooden_sword":1,"minecraft:iron_leggings":3,"minecraft:iron_shovel":1,"minecraft:gold_nugget":14,"minecraft:cobbled_deepslate":225,"minecraft:beef":55,"minecraft:calcite":1,"minecraft:poppy":12,"minecraft:iron_pickaxe":4,"minecraft:sugar_cane":3,"minecraft:birch_sapling":81,"minecraft:furnace":4,"minecraft:iron_boots":3,"minecraft:egg":2,"minecraft:stick":131,"minecraft:raw_iron":393,"gnumus:juicy_meat":6,"minecraft:oak_fence":8,"minecraft:torch":74,"minecraft:porkchop":7,"minecraft:pointed_dripstone":1,"minecraft:diorite":8,"travelersbackpack:crafting_upgrade":2,"minecraft:carrot":1,"gnumus:grilled_juicy_meat":14,"minecraft:cauldron":1,"minecraft:arrow":13,"minecraft:rotten_flesh":33,"minecraft:cooked_cod":4,"minecraft:red_tulip":1,"gnumus:gnumus_chickpeas":13,"minecraft:gold_ingot":59,"gnumus:mouse_skin":44,"minecraft:glow_berries":9,"minecraft:mutton":9,"minecraft:rail":4,"minecraft:white_wool":3,"minecraft:cobblestone":172,"minecraft:stripped_oak_log":1,"minecraft:birch_log":355,"gnumus:gnumus_doubloons":14,"minecraft:feather":14,"minecraft:cooked_beef":29,"minecraft:andesite":51,"minecraft:leather":63,"gnumus:gnumus_cutlass":5,"gnumus:gnumus_pouch":1,"minecraft:flint":10,"minecraft:tuff":7,"minecraft:oak_log":165,"travelersbackpack:gold_tier_upgrade":8,"minecraft:gunpowder":2,"minecraft:lapis_lazuli":64,"gnumus:gnumus_pickaxe":2,"minecraft:dirt":34,"gnumus:gnumus_pouch_2":6,"minecraft:glass":35,"minecraft:cooked_mutton":2,"minecraft:bone":25,"minecraft:apple":11,"gnumus:gnumus_horn":2,"minecraft:wheat_seeds":21,"minecraft:raw_gold":182,"minecraft:iron_ingot":189,"minecraft:stone_pickaxe":1,"minecraft:iron_sword":4,"minecraft:oak_planks":431,"minecraft:smooth_basalt":1,"minecraft:sweet_berries":3,"minecraft:dandelion":8,"minecraft:raw_iron_block":4,"minecraft:gravel":2,"minecraft:sand":45,"gnumus:gnumus_cheese":5,"minecraft:white_bed":6,"minecraft:spruce_log":2,"minecraft:dark_oak_log":1,"minecraft:spider_eye":9,"travelersbackpack:standard":2,"travelersbackpack:white_sleeping_bag":6,"minecraft:diamond":52,"gnumus:gnumus_clay":58,"minecraft:iron_helmet":3,"minecraft:granite":1,"minecraft:emerald":1,"minecraft:oak_sapling":292,"minecraft:coal":577,"minecraft:ender_pearl":2},"minecraft:mined":{"minecraft:tuff":7,"minecraft:white_bed":4,"minecraft:oak_sapling":16,"minecraft:deepslate_diamond_ore":10,"minecraft:sculk_vein":128,"minecraft:dark_oak_log":85,"minecraft:granite":1,"minecraft:grass_block":3,"travelersbackpack:white_sleeping_bag":2,"minecraft:spawner":5,"minecraft:sculk_catalyst":3,"minecraft:furnace":4,"minecraft:iron_ore":46,"minecraft:cobbled_deepslate":8,"minecraft:andesite":28,"minecraft:deepslate_lapis_ore":1,"minecraft:sculk_shrieker":1,"minecraft:red_tulip":1,"minecraft:deepslate_iron_ore":25,"minecraft:water_cauldron":1,"minecraft:rail":1,"minecraft:stripped_oak_log":1,"gnumus:fragile_gnumus_jug":5,"minecraft:stone":106,"minecraft:brown_mushroom":29,"minecraft:dandelion":8,"minecraft:oak_fence":2,"minecraft:torch":24,"minecraft:calcite":2,"minecraft:emerald_ore":1,"minecraft:poppy":13,"minecraft:sculk_sensor":13,"minecraft:copper_ore":4,"minecraft:tall_grass":19,"minecraft:cobblestone":18,"minecraft:deepslate_gold_ore":20,"minecraft:oak_planks":38,"minecraft:sculk":917,"minecraft:diorite":3,"minecraft:wall_torch":10,"gnumus:gnumus_clay_block":5,"minecraft:birch_log":187,"minecraft:sweet_berry_bush":2,"minecraft:grass":103,"minecraft:coal_ore":33,"minecraft:oak_log":74,"minecraft:sand":45,"minecraft:gravel":2,"minecraft:dirt":2,"minecraft:cobweb":48,"minecraft:smooth_basalt":1,"minecraft:diamond_ore":1,"minecraft:gold_ore":4,"minecraft:oak_leaves":21,"minecraft:deepslate":178,"minecraft:fern":4},"minecraft:crafted":{"minecraft:smooth_stone":4,"minecraft:oak_planks":420,"gnumus:grilled_juicy_meat":2,"minecraft:raw_iron":36,"travelersbackpack:crafting_upgrade":1,"minecraft:cooked_chicken":3,"minecraft:furnace":7,"minecraft:blast_furnace":1,"minecraft:stone":4,"minecraft:bone_meal":15,"travelersbackpack:blank_upgrade":4,"travelersbackpack:gold_tier_upgrade":1,"minecraft:cooked_mutton":6,"minecraft:glass":45,"travelersbackpack:white_sleeping_bag":2,"minecraft:iron_boots":1,"minecraft:iron_axe":2,"minecraft:iron_hoe":7,"minecraft:stone_pickaxe":1,"minecraft:chest":4,"minecraft:oak_fence":9,"minecraft:cooked_beef":40,"travelersbackpack:iron_tier_upgrade":2,"gnumus:gnumus_cutlass":3,"minecraft:cooked_porkchop":6,"minecraft:crafting_table":6,"minecraft:spruce_planks":8,"travelersbackpack:backpack_tank":8,"minecraft:iron_helmet":1,"travelersbackpack:standard":3,"minecraft:wooden_pickaxe":1,"minecraft:iron_sword":2,"minecraft:smithing_table":1,"minecraft:birch_planks":32,"minecraft:air":0,"gnumus:gnumus_pickaxe":2,"minecraft:iron_chestplate":2,"minecraft:gold_nugget":18,"minecraft:stick":92,"minecraft:iron_ingot":162,"minecraft:iron_pickaxe":2,"minecraft:wooden_axe":1,"minecraft:iron_shovel":1,"minecraft:iron_leggings":2,"minecraft:gold_ingot":50,"minecraft:white_bed":1,"minecraft:torch":344},"minecraft:dropped":{"minecraft:iron_sword":2,"gnumus:gnumus_cutlass":2,"minecraft:brown_mushroom":27,"minecraft:birch_planks":27,"minecraft:wheat_seeds":18,"minecraft:cooked_beef":2,"minecraft:oak_log":15,"minecraft:diamond":1,"minecraft:glow_berries":3,"minecraft:oak_fence":5,"minecraft:cobblestone":1,"minecraft:apple":3,"travelersbackpack:iron_tier_upgrade":1,"travelersbackpack:standard":3,"minecraft:rail":2,"gnumus:gnumus_pickaxe":1,"minecraft:coal":1,"minecraft:stick":71,"minecraft:dark_oak_log":1,"minecraft:diorite":2,"minecraft:torch":8,"minecraft:wooden_axe":1,"minecraft:wooden_sword":1,"gnumus:grilled_juicy_meat":7,"minecraft:string":2,"minecraft:birch_log":174,"minecraft:dandelion":8,"minecraft:gold_ingot":13,"minecraft:bone":7,"minecraft:gravel":1,"minecraft:sugar_cane":2,"minecraft:cobbled_deepslate":56,"minecraft:tuff":5,"minecraft:rotten_flesh":29,"minecraft:iron_hoe":2,"minecraft:oak_planks":91,"minecraft:azure_bluet":3,"minecraft:poppy":12,"travelersbackpack:gold_tier_upgrade":2,"minecraft:allium":1,"minecraft:melon_seeds":4,"minecraft:oak_sapling":98,"gnumus:gnumus_chickpeas":6,"gnumus:gnumus_horn":2,"minecraft:spider_eye":1,"minecraft:arrow":6,"minecraft:stone_pickaxe":1,"minecraft:wooden_pickaxe":2,"minecraft:raw_gold":1,"minecraft:red_tulip":1,"minecraft:iron_ingot":7,"minecraft:egg":1},"minecraft:custom":{"minecraft:interact_with_smithing_table":6,"minecraft:mob_kills":94,"minecraft:interact_with_crafting_table":69,"minecraft:open_barrel":2,"minecraft:interact_with_campfire":8,"minecraft:damage_dealt_resisted":60,"minecraft:leave_game":2,"minecraft:time_since_death":77773,"minecraft:climb_one_cm":432,"minecraft:sprint_one_cm":1493621,"minecraft:walk_one_cm":1031900,"minecraft:drop":104,"minecraft:play_time":368064,"minecraft:sneak_time":10389,"minecraft:deaths":4,"minecraft:walk_under_water_one_cm":19733,"minecraft:jump":6124,"minecraft:interact_with_blast_furnace":21,"minecraft:walk_on_water_one_cm":43313,"minecraft:total_world_time":368064,"minecraft:interact_with_furnace":123,"minecraft:sleep_in_bed":16,"minecraft:time_since_rest":77910,"minecraft:damage_taken":5743,"minecraft:damage_dealt":17514,"minecraft:player_kills":3,"minecraft:swim_one_cm":30818,"minecraft:fly_one_cm":1014810,"minecraft:open_chest":134,"minecraft:crouch_one_cm":34201,"minecraft:interact_with_smoker":25,"minecraft:fall_one_cm":147806,"minecraft:horse_one_cm":2890},"minecraft:killed":{"minecraft:cave_spider":14,"minecraft:spider":8,"minecraft:skeleton":9,"gnumus:gnumus_worker":1,"minecraft:chicken":1,"gnumus:pitcher_mousse":4,"gnumus:gnumus_hunter":3,"gnumus:gnumus_hunter_not_dispawn":2,"minecraft:pig":3,"minecraft:bat":1,"minecraft:creeper":1,"gnumus:marsupial_mousse":1,"minecraft:sheep":2,"minecraft:zombie":20,"minecraft:enderman":2,"minecraft:cow":17},"minecraft:used":{"minecraft:iron_shovel":26,"minecraft:oak_fence":11,"minecraft:iron_sword":281,"minecraft:rotten_flesh":2,"minecraft:cooked_chicken":3,"minecraft:iron_chestplate":1,"minecraft:torch":352,"minecraft:dirt":7,"minecraft:mutton":3,"minecraft:granite":1,"minecraft:tuff":2,"minecraft:iron_hoe":1057,"minecraft:wooden_axe":44,"minecraft:iron_axe":456,"minecraft:iron_helmet":2,"minecraft:iron_boots":3,"minecraft:smooth_basalt":1,"minecraft:beef":3,"minecraft:oak_sapling":16,"minecraft:furnace":10,"minecraft:cooked_cod":2,"minecraft:egg":1,"minecraft:cooked_beef":46,"gnumus:grilled_juicy_meat":9,"minecraft:cobbled_deepslate":91,"minecraft:iron_leggings":3,"minecraft:cooked_mutton":8,"minecraft:stone_pickaxe":54,"minecraft:oak_planks":97,"minecraft:wooden_pickaxe":17,"minecraft:brown_mushroom":1,"minecraft:cauldron":1,"minecraft:glow_berries":3,"minecraft:crafting_table":5,"minecraft:blast_furnace":1,"minecraft:white_bed":6,"gnumus:gnumus_cutlass":17,"gnumus:gnumus_pickaxe":11,"minecraft:flower_pot":1,"minecraft:apple":5,"gnumus:gnumus_chickpeas":5,"minecraft:iron_pickaxe":459,"travelersbackpack:white_sleeping_bag":5,"minecraft:gravel":1,"minecraft:cobblestone":74,"minecraft:smithing_table":1,"minecraft:cooked_porkchop":6,"minecraft:andesite":10,"minecraft:bone_meal":10}},"DataVersion":3465}