{"stats":{"minecraft:used":{"minecraft:wooden_axe":66,"minecraft:stone_pickaxe":33,"minecraft:wooden_pickaxe":3,"minecraft:spruce_sapling":3,"minecraft:wooden_sword":37,"minecraft:crafting_table":2,"minecraft:furnace":1,"minecraft:cooked_porkchop":5,"minecraft:pointed_dripstone":6},"minecraft:broken":{"minecraft:wooden_axe":1},"minecraft:mined":{"minecraft:furnace":1,"minecraft:spruce_log":49,"minecraft:crafting_table":1,"minecraft:grass":4,"minecraft:pointed_dripstone":4,"minecraft:oak_log":13,"minecraft:spruce_leaves":3,"minecraft:stone":31},"minecraft:picked_up":{"minecraft:crafting_table":1,"minecraft:stick":15,"minecraft:feather":1,"minecraft:chicken":3,"minecraft:porkchop":8,"minecraft:oak_log":8,"minecraft:spruce_sapling":12,"minecraft:pointed_dripstone":6,"minecraft:spruce_log":47,"minecraft:rotten_flesh":2,"minecraft:oak_sapling":3,"minecraft:cobblestone":31,"minecraft:furnace":1},"minecraft:crafted":{"minecraft:wooden_sword":1,"minecraft:oak_planks":24,"minecraft:charcoal":1,"minecraft:cooked_porkchop":8,"minecraft:crafting_table":2,"minecraft:stick":4,"minecraft:wooden_pickaxe":1,"minecraft:stone_pickaxe":1,"minecraft:wooden_axe":1,"minecraft:furnace":1,"minecraft:air":0},"minecraft:custom":{"minecraft:time_since_rest":21352,"minecraft:interact_with_furnace":17,"minecraft:sprint_one_cm":73348,"minecraft:damage_taken":270,"minecraft:walk_one_cm":65631,"minecraft:mob_kills":8,"minecraft:damage_dealt":1631,"minecraft:interact_with_crafting_table":6,"minecraft:fly_one_cm":80302,"minecraft:player_kills":4,"minecraft:crouch_one_cm":9,"minecraft:play_time":21352,"minecraft:sneak_time":13,"minecraft:jump":404,"minecraft:leave_game":2,"minecraft:walk_on_water_one_cm":438,"minecraft:time_since_death":21352,"minecraft:total_world_time":21352,"minecraft:fall_one_cm":11082},"minecraft:killed":{"minecraft:zombie":1,"minecraft:pig":4,"minecraft:chicken":3}},"DataVersion":3465}