{"stats":{"minecraft:broken":{"minecraft:iron_boots":1,"minecraft:iron_chestplate":1,"minecraft:iron_leggings":1,"gnumus:gnumus_cutlass":1,"minecraft:iron_axe":1,"minecraft:iron_sword":1,"minecraft:iron_pickaxe":1,"minecraft:iron_helmet":1,"minecraft:wooden_axe":1},"minecraft:killed_by":{"minecraft:player":1,"minecraft:creeper":1,"minecraft:cave_spider":1},"minecraft:picked_up":{"minecraft:wooden_axe":1,"minecraft:flower_pot":1,"minecraft:iron_chestplate":2,"minecraft:crafting_table":4,"minecraft:allium":2,"minecraft:azure_bluet":3,"minecraft:chicken":3,"minecraft:brown_mushroom":109,"gnumus:gnumus_claw":15,"minecraft:wooden_pickaxe":2,"minecraft:enchanted_book":3,"minecraft:string":48,"minecraft:raw_copper":209,"minecraft:iron_axe":1,"minecraft:wooden_sword":1,"minecraft:iron_leggings":2,"minecraft:gold_nugget":14,"minecraft:cobbled_deepslate":100,"minecraft:beef":49,"minecraft:poppy":12,"minecraft:iron_pickaxe":3,"minecraft:sugar_cane":3,"minecraft:birch_sapling":81,"minecraft:furnace":2,"minecraft:iron_boots":2,"minecraft:egg":2,"minecraft:stick":131,"minecraft:raw_iron":220,"gnumus:juicy_meat":6,"minecraft:oak_fence":8,"minecraft:torch":63,"minecraft:porkchop":7,"minecraft:diorite":5,"travelersbackpack:crafting_upgrade":1,"minecraft:carrot":1,"gnumus:grilled_juicy_meat":2,"minecraft:cauldron":1,"minecraft:arrow":9,"minecraft:rotten_flesh":29,"minecraft:cooked_cod":4,"minecraft:red_tulip":1,"gnumus:gnumus_chickpeas":11,"minecraft:gold_ingot":26,"gnumus:mouse_skin":40,"minecraft:glow_berries":9,"minecraft:mutton":9,"minecraft:rail":2,"minecraft:white_wool":3,"minecraft:cobblestone":151,"minecraft:stripped_oak_log":1,"minecraft:birch_log":355,"gnumus:gnumus_doubloons":14,"minecraft:feather":14,"minecraft:cooked_beef":29,"minecraft:andesite":37,"minecraft:leather":54,"gnumus:gnumus_cutlass":4,"gnumus:gnumus_pouch":1,"minecraft:flint":8,"minecraft:tuff":6,"minecraft:oak_log":165,"travelersbackpack:gold_tier_upgrade":4,"minecraft:gunpowder":1,"minecraft:lapis_lazuli":64,"gnumus:gnumus_pickaxe":1,"minecraft:dirt":30,"gnumus:gnumus_pouch_2":5,"minecraft:cooked_mutton":2,"minecraft:bone":22,"minecraft:apple":11,"gnumus:gnumus_horn":2,"minecraft:wheat_seeds":21,"minecraft:raw_gold":154,"minecraft:iron_ingot":127,"minecraft:stone_pickaxe":1,"minecraft:iron_sword":4,"minecraft:oak_planks":429,"minecraft:sweet_berries":3,"minecraft:dandelion":8,"minecraft:raw_iron_block":4,"minecraft:gravel":1,"minecraft:sand":45,"gnumus:gnumus_cheese":2,"minecraft:white_bed":6,"minecraft:spruce_log":2,"minecraft:dark_oak_log":1,"minecraft:spider_eye":4,"travelersbackpack:standard":2,"travelersbackpack:white_sleeping_bag":6,"minecraft:diamond":20,"gnumus:gnumus_clay":58,"minecraft:iron_helmet":2,"minecraft:oak_sapling":276,"minecraft:coal":507,"minecraft:ender_pearl":2},"minecraft:mined":{"minecraft:tuff":6,"minecraft:white_bed":4,"minecraft:oak_sapling":16,"minecraft:deepslate_diamond_ore":4,"minecraft:dark_oak_log":85,"minecraft:grass_block":3,"travelersbackpack:white_sleeping_bag":2,"minecraft:spawner":2,"minecraft:furnace":2,"minecraft:iron_ore":30,"minecraft:cobbled_deepslate":3,"minecraft:andesite":23,"minecraft:deepslate_lapis_ore":1,"minecraft:red_tulip":1,"minecraft:deepslate_iron_ore":6,"minecraft:water_cauldron":1,"minecraft:rail":1,"minecraft:stripped_oak_log":1,"gnumus:fragile_gnumus_jug":5,"minecraft:stone":91,"minecraft:brown_mushroom":29,"minecraft:dandelion":8,"minecraft:oak_fence":2,"minecraft:torch":21,"minecraft:poppy":13,"minecraft:copper_ore":4,"minecraft:tall_grass":19,"minecraft:cobblestone":16,"minecraft:deepslate_gold_ore":13,"minecraft:oak_planks":36,"minecraft:diorite":3,"minecraft:wall_torch":7,"gnumus:gnumus_clay_block":5,"minecraft:birch_log":187,"minecraft:grass":103,"minecraft:coal_ore":31,"minecraft:oak_log":74,"minecraft:sand":45,"minecraft:gravel":2,"minecraft:dirt":2,"minecraft:cobweb":23,"minecraft:gold_ore":1,"minecraft:oak_leaves":21,"minecraft:deepslate":56,"minecraft:fern":4},"minecraft:crafted":{"minecraft:smooth_stone":4,"minecraft:oak_planks":420,"gnumus:grilled_juicy_meat":2,"minecraft:raw_iron":36,"travelersbackpack:crafting_upgrade":1,"minecraft:cooked_chicken":3,"minecraft:furnace":5,"minecraft:blast_furnace":1,"minecraft:stone":4,"minecraft:bone_meal":15,"travelersbackpack:blank_upgrade":4,"travelersbackpack:gold_tier_upgrade":1,"minecraft:cooked_mutton":3,"minecraft:glass":45,"travelersbackpack:white_sleeping_bag":1,"minecraft:iron_boots":1,"minecraft:iron_axe":2,"minecraft:stone_pickaxe":1,"minecraft:chest":2,"minecraft:oak_fence":9,"minecraft:cooked_beef":34,"travelersbackpack:iron_tier_upgrade":1,"gnumus:gnumus_cutlass":3,"minecraft:cooked_porkchop":6,"minecraft:crafting_table":6,"minecraft:spruce_planks":8,"travelersbackpack:backpack_tank":4,"minecraft:iron_helmet":1,"travelersbackpack:standard":2,"minecraft:wooden_pickaxe":1,"minecraft:iron_sword":1,"minecraft:smithing_table":1,"minecraft:birch_planks":32,"minecraft:air":0,"gnumus:gnumus_pickaxe":1,"minecraft:iron_chestplate":1,"minecraft:gold_nugget":9,"minecraft:stick":36,"minecraft:iron_ingot":113,"minecraft:iron_pickaxe":1,"minecraft:wooden_axe":1,"minecraft:iron_shovel":1,"minecraft:iron_leggings":1,"minecraft:gold_ingot":50,"minecraft:white_bed":1,"minecraft:torch":188},"minecraft:dropped":{"minecraft:iron_sword":2,"gnumus:gnumus_cutlass":2,"minecraft:brown_mushroom":27,"minecraft:birch_planks":27,"minecraft:wheat_seeds":18,"minecraft:cooked_beef":2,"minecraft:oak_log":15,"minecraft:glow_berries":3,"minecraft:oak_fence":5,"minecraft:cobblestone":1,"minecraft:apple":3,"travelersbackpack:standard":2,"minecraft:rail":2,"gnumus:gnumus_pickaxe":1,"minecraft:coal":1,"minecraft:stick":71,"minecraft:dark_oak_log":1,"minecraft:diorite":2,"minecraft:torch":8,"minecraft:wooden_axe":1,"minecraft:wooden_sword":1,"minecraft:string":2,"minecraft:birch_log":174,"minecraft:dandelion":8,"minecraft:gold_ingot":13,"minecraft:bone":7,"minecraft:gravel":1,"minecraft:sugar_cane":2,"minecraft:cobbled_deepslate":56,"minecraft:tuff":5,"minecraft:rotten_flesh":29,"minecraft:oak_planks":91,"minecraft:azure_bluet":3,"minecraft:poppy":12,"minecraft:allium":1,"minecraft:melon_seeds":4,"minecraft:oak_sapling":98,"gnumus:gnumus_chickpeas":6,"gnumus:gnumus_horn":2,"minecraft:spider_eye":1,"minecraft:arrow":6,"minecraft:stone_pickaxe":1,"minecraft:wooden_pickaxe":2,"minecraft:raw_gold":1,"minecraft:red_tulip":1,"minecraft:iron_ingot":7,"minecraft:egg":1},"minecraft:custom":{"minecraft:interact_with_smithing_table":6,"minecraft:mob_kills":77,"minecraft:interact_with_crafting_table":61,"minecraft:open_barrel":2,"minecraft:interact_with_campfire":8,"minecraft:damage_dealt_resisted":60,"minecraft:leave_game":2,"minecraft:time_since_death":120128,"minecraft:climb_one_cm":432,"minecraft:sprint_one_cm":1145469,"minecraft:walk_one_cm":733686,"minecraft:drop":94,"minecraft:play_time":272064,"minecraft:sneak_time":5788,"minecraft:deaths":3,"minecraft:walk_under_water_one_cm":16625,"minecraft:jump":4703,"minecraft:interact_with_blast_furnace":11,"minecraft:walk_on_water_one_cm":26738,"minecraft:total_world_time":272064,"minecraft:interact_with_furnace":104,"minecraft:sleep_in_bed":16,"minecraft:time_since_rest":81807,"minecraft:damage_taken":4114,"minecraft:damage_dealt":13975,"minecraft:player_kills":2,"minecraft:swim_one_cm":26815,"minecraft:fly_one_cm":866473,"minecraft:open_chest":92,"minecraft:crouch_one_cm":14819,"minecraft:interact_with_smoker":23,"minecraft:fall_one_cm":117907,"minecraft:horse_one_cm":2890},"minecraft:killed":{"minecraft:cave_spider":3,"minecraft:spider":6,"minecraft:skeleton":8,"gnumus:gnumus_worker":1,"minecraft:chicken":1,"gnumus:pitcher_mousse":4,"gnumus:gnumus_hunter":2,"gnumus:gnumus_hunter_not_dispawn":2,"minecraft:pig":3,"minecraft:bat":1,"minecraft:creeper":1,"gnumus:marsupial_mousse":1,"minecraft:sheep":2,"minecraft:zombie":18,"minecraft:enderman":2,"minecraft:cow":17},"minecraft:used":{"minecraft:iron_shovel":25,"minecraft:oak_fence":11,"minecraft:iron_sword":227,"minecraft:cooked_chicken":3,"minecraft:torch":206,"minecraft:dirt":5,"minecraft:mutton":3,"minecraft:tuff":1,"minecraft:wooden_axe":44,"minecraft:iron_axe":427,"minecraft:iron_helmet":2,"minecraft:iron_boots":3,"minecraft:beef":3,"minecraft:oak_sapling":16,"minecraft:furnace":6,"minecraft:cooked_cod":2,"minecraft:egg":1,"minecraft:cooked_beef":37,"gnumus:grilled_juicy_meat":4,"minecraft:cobbled_deepslate":9,"minecraft:iron_leggings":2,"minecraft:cooked_mutton":5,"minecraft:stone_pickaxe":54,"minecraft:oak_planks":97,"minecraft:wooden_pickaxe":17,"minecraft:brown_mushroom":1,"minecraft:cauldron":1,"minecraft:glow_berries":3,"minecraft:crafting_table":5,"minecraft:blast_furnace":1,"minecraft:white_bed":6,"gnumus:gnumus_cutlass":17,"gnumus:gnumus_pickaxe":3,"minecraft:flower_pot":1,"minecraft:apple":1,"gnumus:gnumus_chickpeas":1,"minecraft:iron_pickaxe":249,"travelersbackpack:white_sleeping_bag":5,"minecraft:cobblestone":67,"minecraft:smithing_table":1,"minecraft:cooked_porkchop":6,"minecraft:bone_meal":10}},"DataVersion":3465}