{"stats":{"minecraft:custom":{"minecraft:jump":166,"minecraft:time_since_rest":6381,"minecraft:damage_dealt":16,"minecraft:crouch_one_cm":239,"minecraft:sprint_one_cm":11677,"minecraft:play_time":6381,"minecraft:damage_taken":250,"minecraft:time_since_death":6381,"minecraft:walk_one_cm":13289,"minecraft:sneak_time":76,"minecraft:climb_one_cm":4559,"minecraft:total_world_time":6381,"minecraft:drop":1,"minecraft:fall_one_cm":4993,"minecraft:fly_one_cm":24896},"minecraft:dropped":{"minecraft:melon_slice":1},"minecraft:mined":{"minecraft:grass":5,"minecraft:acacia_log":9,"minecraft:melon":4,"minecraft:oak_leaves":2,"minecraft:fern":2},"minecraft:picked_up":{"minecraft:melon_slice":24,"minecraft:acacia_log":9},"minecraft:used":{"minecraft:melon_slice":9}},"DataVersion":3463}