{"stats":{"minecraft:broken":{"minecraft:iron_boots":2,"minecraft:iron_chestplate":1,"minecraft:iron_leggings":1,"gnumus:gnumus_cutlass":2,"minecraft:iron_sword":2,"minecraft:wooden_axe":1,"minecraft:iron_hoe":4,"minecraft:iron_axe":1,"minecraft:iron_pickaxe":2,"minecraft:iron_helmet":2,"gnumus:gnumus_pickaxe":2},"minecraft:killed_by":{"minecraft:creeper":1,"minecraft:cave_spider":2,"minecraft:player":1},"minecraft:picked_up":{"minecraft:wooden_axe":1,"minecraft:iron_chestplate":3,"minecraft:flower_pot":1,"gnumus:gnumus_claw":33,"minecraft:enchanted_book":3,"minecraft:stone_brick_stairs":2,"minecraft:amethyst_block":1,"minecraft:string":106,"minecraft:soul_soil":2,"minecraft:raw_copper":211,"minecraft:iron_leggings":3,"minecraft:gold_nugget":50,"minecraft:cobbled_deepslate":235,"gnumus:packaged_goods":6,"minecraft:calcite":1,"minecraft:iron_pickaxe":4,"minecraft:iron_boots":3,"minecraft:furnace":4,"minecraft:stick":136,"minecraft:oak_fence":8,"minecraft:torch":90,"travelersbackpack:iron_tier_upgrade":2,"minecraft:porkchop":12,"minecraft:cherry_log":79,"minecraft:pointed_dripstone":2,"minecraft:diorite":8,"travelersbackpack:crafting_upgrade":2,"gnumus:grilled_juicy_meat":17,"minecraft:cauldron":1,"gnumus:wrapper_with_goods":1,"minecraft:rotten_flesh":36,"minecraft:red_tulip":1,"gnumus:gnumus_chickpeas":16,"minecraft:obsidian":17,"minecraft:iron_bars":7,"minecraft:cod":4,"minecraft:cobblestone":172,"minecraft:birch_log":355,"minecraft:magma_block":7,"gnumus:gnumus_doubloons":29,"minecraft:feather":14,"minecraft:cooked_beef":29,"minecraft:cherry_planks":2,"minecraft:andesite":51,"gnumus:overripe_carrot":18,"minecraft:brown_wool":1,"minecraft:smoker":1,"gnumus:gnumus_cutlass":5,"minecraft:flint":10,"minecraft:tuff":9,"minecraft:dirt":35,"travelersbackpack:gold_tier_upgrade":10,"minecraft:lapis_lazuli":64,"gnumus:gnumus_pouch_2":11,"minecraft:bone":32,"minecraft:glass":35,"minecraft:bow":1,"minecraft:wheat_seeds":33,"minecraft:raw_gold":186,"minecraft:rabbit":8,"minecraft:oak_planks":433,"minecraft:sand":157,"minecraft:dark_oak_log":1,"travelersbackpack:white_sleeping_bag":6,"minecraft:diamond":63,"gnumus:gnumus_clay":78,"waystones:waystone":1,"minecraft:granite":1,"minecraft:emerald":1,"minecraft:oak_sapling":292,"minecraft:netherrack":706,"minecraft:crafting_table":4,"minecraft:allium":2,"minecraft:azure_bluet":3,"minecraft:chicken":3,"minecraft:brown_mushroom":136,"minecraft:wooden_pickaxe":2,"minecraft:gold_block":2,"minecraft:iron_axe":2,"minecraft:wooden_sword":1,"minecraft:iron_shovel":1,"minecraft:blackstone":2,"minecraft:cracked_stone_bricks":2,"minecraft:beef":65,"minecraft:poppy":12,"minecraft:sugar_cane":7,"minecraft:spruce_slab":1,"minecraft:birch_sapling":83,"minecraft:egg":3,"minecraft:dark_oak_sapling":1,"minecraft:raw_iron":393,"minecraft:sandstone":328,"gnumus:juicy_meat":29,"minecraft:carrot":1,"minecraft:arrow":15,"minecraft:cooked_cod":4,"minecraft:peony":1,"minecraft:hay_block":46,"minecraft:saddle":1,"minecraft:gold_ingot":59,"gnumus:gnumus_pouch_3":1,"gnumus:mouse_skin":52,"minecraft:glow_berries":9,"minecraft:mutton":15,"minecraft:white_wool":4,"minecraft:rail":4,"minecraft:stripped_oak_log":1,"minecraft:basalt":41,"minecraft:leather":81,"minecraft:red_mushroom":1,"gnumus:gnumus_pouch":6,"minecraft:oak_log":165,"minecraft:gunpowder":2,"gnumus:gnumus_pickaxe":2,"minecraft:paper":8,"minecraft:cooked_mutton":2,"minecraft:smooth_sandstone":1,"minecraft:apple":11,"gnumus:gnumus_horn":3,"minecraft:rabbit_hide":1,"minecraft:iron_ingot":189,"minecraft:stone_pickaxe":1,"minecraft:iron_sword":5,"minecraft:soul_sand":65,"minecraft:smooth_basalt":1,"minecraft:sweet_berries":3,"minecraft:chiseled_stone_bricks":1,"minecraft:quartz":14,"minecraft:dandelion":8,"minecraft:raw_iron_block":4,"minecraft:gravel":3,"gnumus:gnumus_cheese":5,"minecraft:blast_furnace":1,"minecraft:white_bed":7,"minecraft:spruce_log":2,"minecraft:crying_obsidian":4,"minecraft:spider_eye":10,"travelersbackpack:standard":4,"minecraft:slime_ball":4,"minecraft:iron_helmet":3,"minecraft:cherry_sapling":5,"minecraft:gray_wool":1,"minecraft:terracotta":1,"minecraft:coal":588,"minecraft:ender_pearl":2},"minecraft:mined":{"minecraft:white_bed":5,"minecraft:oak_sapling":16,"minecraft:sculk_vein":128,"minecraft:obsidian":14,"minecraft:granite":1,"minecraft:grass_block":4,"minecraft:spawner":5,"minecraft:magma_block":21,"minecraft:sculk_catalyst":3,"minecraft:iron_ore":46,"minecraft:cobbled_deepslate":9,"minecraft:fire":44,"minecraft:deepslate_lapis_ore":1,"minecraft:sculk_shrieker":1,"minecraft:red_tulip":1,"minecraft:water_cauldron":1,"minecraft:brown_mushroom":29,"minecraft:smoker":2,"minecraft:soul_fire":3,"minecraft:torch":31,"minecraft:blast_furnace":1,"minecraft:calcite":2,"minecraft:poppy":13,"minecraft:nether_quartz_ore":3,"minecraft:cobblestone":18,"minecraft:oak_planks":38,"minecraft:wall_torch":13,"gnumus:gnumus_clay_block":5,"minecraft:birch_log":187,"minecraft:stone_brick_stairs":3,"minecraft:grass":107,"minecraft:oak_log":74,"minecraft:sand":103,"minecraft:dirt":2,"minecraft:smooth_basalt":1,"minecraft:netherrack":633,"minecraft:oak_leaves":31,"minecraft:deepslate":188,"minecraft:nether_gold_ore":1,"minecraft:diamond_ore":1,"minecraft:tuff":10,"minecraft:deepslate_diamond_ore":14,"minecraft:dark_oak_log":85,"travelersbackpack:white_sleeping_bag":2,"minecraft:spruce_leaves":3,"minecraft:sandstone":139,"minecraft:hay_block":47,"minecraft:furnace":4,"minecraft:andesite":28,"minecraft:peony":1,"minecraft:gold_block":2,"minecraft:deepslate_iron_ore":25,"minecraft:rail":1,"minecraft:stripped_oak_log":1,"gnumus:fragile_gnumus_jug":21,"minecraft:stone":106,"minecraft:soul_sand":1,"gnumus:gnumus_clay_brick_wall":1,"minecraft:brown_carpet":2,"minecraft:basalt":20,"minecraft:dandelion":8,"minecraft:oak_fence":2,"minecraft:smooth_sandstone":1,"minecraft:emerald_ore":1,"minecraft:sculk_sensor":13,"minecraft:tall_grass":19,"minecraft:copper_ore":4,"minecraft:deepslate_gold_ore":21,"minecraft:sculk":917,"minecraft:diorite":3,"minecraft:sweet_berry_bush":2,"minecraft:birch_leaves":5,"minecraft:coal_ore":33,"minecraft:gravel":2,"minecraft:cobweb":48,"minecraft:terracotta":1,"minecraft:gold_ore":4,"minecraft:fern":4},"minecraft:crafted":{"gnumus:grilled_juicy_meat":13,"minecraft:oak_planks":420,"minecraft:smooth_stone":4,"travelersbackpack:crafting_upgrade":1,"minecraft:cooked_chicken":7,"minecraft:stone":4,"minecraft:cooked_mutton":12,"minecraft:glass":45,"minecraft:iron_boots":1,"minecraft:chest":4,"minecraft:oak_fence":9,"travelersbackpack:iron_tier_upgrade":3,"gnumus:gnumus_cutlass":3,"minecraft:cooked_porkchop":11,"minecraft:crafting_table":6,"minecraft:spruce_planks":8,"minecraft:wooden_pickaxe":1,"travelersbackpack:standard":6,"minecraft:iron_helmet":1,"minecraft:smithing_table":1,"minecraft:birch_planks":32,"gnumus:gnumus_pickaxe":3,"minecraft:iron_chestplate":2,"minecraft:diamond_pickaxe":2,"minecraft:stick":100,"minecraft:iron_ingot":162,"minecraft:iron_pickaxe":2,"minecraft:gold_ingot":68,"minecraft:cherry_planks":8,"minecraft:raw_iron":36,"minecraft:furnace":8,"minecraft:blast_furnace":1,"minecraft:bone_meal":15,"travelersbackpack:blank_upgrade":8,"travelersbackpack:gold_tier_upgrade":1,"travelersbackpack:white_sleeping_bag":2,"minecraft:iron_axe":2,"minecraft:iron_hoe":7,"minecraft:stone_pickaxe":1,"minecraft:wheat":45,"minecraft:cooked_beef":40,"travelersbackpack:backpack_tank":8,"minecraft:iron_sword":3,"minecraft:bucket":1,"minecraft:bread":15,"minecraft:air":0,"minecraft:oak_boat":1,"minecraft:gold_nugget":18,"minecraft:wooden_axe":1,"minecraft:iron_shovel":1,"minecraft:iron_leggings":2,"minecraft:white_bed":4,"minecraft:torch":356},"minecraft:dropped":{"minecraft:iron_sword":3,"minecraft:soul_sand":65,"minecraft:brown_mushroom":27,"minecraft:birch_planks":27,"minecraft:cooked_beef":2,"gnumus:overripe_carrot":1,"minecraft:oak_log":15,"minecraft:diamond":1,"minecraft:glow_berries":3,"travelersbackpack:iron_tier_upgrade":2,"minecraft:cracked_stone_bricks":2,"travelersbackpack:standard":5,"gnumus:gnumus_pickaxe":1,"minecraft:rail":3,"minecraft:dirt":1,"minecraft:dark_oak_log":1,"minecraft:gold_nugget":36,"minecraft:wooden_sword":1,"minecraft:sand":92,"gnumus:grilled_juicy_meat":11,"minecraft:birch_log":174,"minecraft:gold_ingot":13,"minecraft:bone":11,"minecraft:gravel":1,"minecraft:sugar_cane":2,"minecraft:cobbled_deepslate":56,"minecraft:pointed_dripstone":2,"minecraft:cherry_sapling":1,"minecraft:rotten_flesh":29,"minecraft:oak_planks":93,"minecraft:azure_bluet":3,"minecraft:chiseled_stone_bricks":1,"minecraft:rabbit_hide":1,"gnumus:gnumus_doubloons":1,"minecraft:poppy":12,"travelersbackpack:gold_tier_upgrade":2,"minecraft:melon_seeds":4,"gnumus:gnumus_horn":2,"minecraft:iron_bars":7,"minecraft:arrow":6,"minecraft:crying_obsidian":2,"minecraft:stone_brick_stairs":2,"minecraft:netherrack":427,"minecraft:egg":2,"minecraft:iron_ingot":7,"gnumus:gnumus_cutlass":2,"minecraft:wheat_seeds":30,"minecraft:cherry_log":74,"minecraft:oak_fence":5,"minecraft:cobblestone":1,"minecraft:apple":3,"minecraft:coal":4,"minecraft:stick":71,"minecraft:diorite":2,"minecraft:torch":24,"minecraft:wooden_axe":1,"minecraft:cherry_planks":4,"minecraft:paper":8,"minecraft:iron_shovel":1,"minecraft:string":9,"minecraft:dandelion":8,"minecraft:soul_soil":2,"minecraft:raw_copper":2,"minecraft:tuff":5,"minecraft:iron_hoe":2,"minecraft:allium":1,"minecraft:diamond_pickaxe":1,"gnumus:gnumus_chickpeas":6,"minecraft:oak_sapling":98,"gnumus:packaged_goods":1,"minecraft:spider_eye":2,"minecraft:sandstone":322,"minecraft:stone_pickaxe":1,"minecraft:wooden_pickaxe":2,"minecraft:raw_gold":1,"minecraft:red_tulip":1,"minecraft:magma_block":4},"minecraft:custom":{"minecraft:interact_with_crafting_table":71,"minecraft:open_barrel":11,"minecraft:leave_game":2,"minecraft:time_since_death":251773,"minecraft:sprint_one_cm":2144245,"minecraft:drop":180,"minecraft:play_time":542064,"minecraft:deaths":4,"minecraft:jump":8504,"minecraft:walk_on_water_one_cm":77795,"minecraft:interact_with_furnace":133,"minecraft:sleep_in_bed":17,"minecraft:waystone_activated":2,"minecraft:damage_dealt":26037,"minecraft:player_kills":3,"minecraft:crouch_one_cm":42913,"minecraft:interact_with_smoker":31,"minecraft:horse_one_cm":67728,"minecraft:interact_with_smithing_table":9,"minecraft:mob_kills":143,"minecraft:interact_with_campfire":8,"minecraft:damage_dealt_resisted":60,"minecraft:climb_one_cm":432,"minecraft:walk_one_cm":1471558,"minecraft:sneak_time":13576,"minecraft:walk_under_water_one_cm":28792,"minecraft:interact_with_blast_furnace":21,"minecraft:total_world_time":542064,"minecraft:time_since_rest":166150,"minecraft:damage_taken":8002,"minecraft:swim_one_cm":60312,"minecraft:fly_one_cm":1419135,"minecraft:open_chest":156,"minecraft:fall_one_cm":198697},"minecraft:killed":{"minecraft:cave_spider":14,"minecraft:spider":11,"minecraft:skeleton":14,"minecraft:chicken":1,"gnumus:pitcher_mousse":8,"minecraft:skeleton_horse":1,"minecraft:pig":4,"gnumus:big_snout":4,"minecraft:creeper":1,"gnumus:marsupial_mousse":1,"minecraft:sheep":4,"minecraft:zombie":24,"minecraft:cow":22,"minecraft:slime":3,"minecraft:phantom":1,"gnumus:gnumus_worker":2,"gnumus:gnumus_hunter":11,"gnumus:gnumus_hunter_not_dispawn":7,"minecraft:husk":1,"minecraft:bat":1,"minecraft:enderman":2},"minecraft:used":{"minecraft:iron_shovel":75,"minecraft:spruce_slab":1,"minecraft:iron_sword":471,"minecraft:rotten_flesh":2,"minecraft:iron_chestplate":1,"minecraft:mutton":3,"minecraft:tuff":4,"minecraft:obsidian":16,"minecraft:iron_helmet":2,"minecraft:magma_block":3,"minecraft:furnace":11,"minecraft:oak_sapling":16,"minecraft:cooked_cod":2,"minecraft:egg":1,"gnumus:grilled_juicy_meat":19,"minecraft:stone_pickaxe":54,"minecraft:oak_planks":110,"minecraft:blackstone":2,"minecraft:wooden_pickaxe":17,"minecraft:sandstone":1,"minecraft:glow_berries":3,"minecraft:sand":22,"minecraft:blast_furnace":1,"gnumus:gnumus_cutlass":25,"gnumus:gnumus_pickaxe":16,"waystones:waystone":1,"minecraft:bread":9,"gnumus:gnumus_chickpeas":5,"minecraft:gravel":1,"minecraft:smithing_table":1,"minecraft:andesite":10,"minecraft:oak_boat":1,"minecraft:bone_meal":10,"minecraft:oak_fence":11,"minecraft:netherrack":226,"minecraft:cooked_chicken":7,"minecraft:torch":393,"minecraft:dirt":7,"minecraft:granite":1,"minecraft:iron_hoe":1113,"minecraft:wooden_axe":44,"minecraft:iron_axe":456,"minecraft:smooth_sandstone":1,"minecraft:iron_boots":3,"minecraft:smooth_basalt":1,"minecraft:beef":3,"minecraft:cooked_beef":46,"minecraft:cobbled_deepslate":99,"minecraft:iron_leggings":3,"minecraft:calcite":1,"minecraft:cooked_mutton":14,"minecraft:water_bucket":16,"minecraft:brown_mushroom":1,"minecraft:cauldron":1,"minecraft:terracotta":1,"minecraft:crafting_table":5,"minecraft:white_bed":9,"minecraft:smoker":1,"minecraft:flower_pot":1,"minecraft:diamond_pickaxe":763,"minecraft:apple":5,"minecraft:iron_pickaxe":575,"travelersbackpack:white_sleeping_bag":5,"minecraft:cobblestone":78,"minecraft:cooked_porkchop":11,"minecraft:bucket":17}},"DataVersion":3465}