{"stats":{"minecraft:custom":{"minecraft:time_since_rest":8541,"minecraft:sprint_one_cm":44098,"minecraft:damage_taken":176,"minecraft:walk_one_cm":23434,"minecraft:mob_kills":1,"minecraft:drop":11,"minecraft:damage_dealt":293,"minecraft:swim_one_cm":8477,"minecraft:interact_with_crafting_table":1,"minecraft:player_kills":1,"minecraft:fly_one_cm":53434,"minecraft:play_time":8541,"minecraft:sneak_time":51,"minecraft:walk_under_water_one_cm":1685,"minecraft:jump":254,"minecraft:time_since_death":8541,"minecraft:walk_on_water_one_cm":1483,"minecraft:total_world_time":8541,"minecraft:fall_one_cm":8708},"minecraft:mined":{"minecraft:birch_log":7,"minecraft:grass":3,"minecraft:grass_block":1,"minecraft:red_tulip":1,"minecraft:oak_log":19,"minecraft:stripped_oak_log":1},"minecraft:crafted":{"minecraft:stick":4,"minecraft:wooden_axe":1,"minecraft:birch_planks":32},"minecraft:used":{"minecraft:wooden_axe":28,"minecraft:mutton":3},"minecraft:dropped":{"minecraft:birch_planks":27,"minecraft:oak_log":15,"minecraft:wooden_axe":1,"minecraft:oak_planks":28,"minecraft:wooden_sword":1,"minecraft:wooden_pickaxe":1,"minecraft:red_tulip":1,"minecraft:azure_bluet":3,"minecraft:stick":6},"minecraft:killed":{"minecraft:sheep":1},"minecraft:picked_up":{"minecraft:birch_log":8,"minecraft:stripped_oak_log":1,"minecraft:stick":14,"minecraft:allium":1,"minecraft:azure_bluet":3,"minecraft:wooden_pickaxe":1,"minecraft:oak_log":61,"minecraft:dirt":1,"minecraft:wooden_sword":1,"minecraft:apple":1,"minecraft:red_tulip":1,"minecraft:oak_sapling":44,"minecraft:mutton":4,"minecraft:oak_planks":28,"minecraft:white_wool":2,"minecraft:wooden_axe":1}},"DataVersion":3465}