{"stats":{"minecraft:broken":{"minecraft:wooden_axe":1},"minecraft:custom":{"minecraft:interact_with_furnace":54,"minecraft:mob_kills":27,"minecraft:interact_with_crafting_table":21,"minecraft:interact_with_campfire":8,"minecraft:damage_dealt_resisted":60,"minecraft:time_since_death":48189,"minecraft:sleep_in_bed":9,"minecraft:time_since_rest":8885,"minecraft:sprint_one_cm":452209,"minecraft:damage_taken":1110,"minecraft:walk_one_cm":262937,"minecraft:drop":27,"minecraft:damage_dealt":3756,"minecraft:swim_one_cm":18692,"minecraft:fly_one_cm":256370,"minecraft:player_kills":1,"minecraft:open_chest":6,"minecraft:crouch_one_cm":2244,"minecraft:play_time":92541,"minecraft:deaths":1,"minecraft:sneak_time":1050,"minecraft:walk_under_water_one_cm":5921,"minecraft:jump":1864,"minecraft:walk_on_water_one_cm":10288,"minecraft:total_world_time":92541,"minecraft:fall_one_cm":45120,"minecraft:horse_one_cm":2890},"minecraft:mined":{"minecraft:brown_mushroom":28,"minecraft:white_bed":2,"minecraft:torch":5,"minecraft:grass_block":3,"travelersbackpack:white_sleeping_bag":1,"minecraft:cobblestone":8,"minecraft:copper_ore":2,"minecraft:oak_planks":1,"minecraft:diorite":2,"minecraft:wall_torch":4,"minecraft:spawner":1,"gnumus:gnumus_clay_block":5,"minecraft:furnace":1,"minecraft:birch_log":7,"minecraft:iron_ore":21,"minecraft:andesite":23,"minecraft:grass":13,"minecraft:oak_log":19,"minecraft:red_tulip":1,"minecraft:coal_ore":16,"minecraft:gravel":2,"minecraft:dirt":2,"minecraft:stripped_oak_log":1,"minecraft:cobweb":14,"gnumus:fragile_gnumus_jug":2,"minecraft:stone":61,"minecraft:fern":4,"minecraft:gold_ore":1},"minecraft:crafted":{"minecraft:raw_iron":36,"minecraft:oak_planks":188,"gnumus:gnumus_cutlass":2,"minecraft:crafting_table":6,"minecraft:wooden_pickaxe":1,"minecraft:iron_helmet":1,"minecraft:iron_sword":1,"minecraft:furnace":5,"minecraft:birch_planks":32,"minecraft:cooked_mutton":3,"minecraft:air":0,"minecraft:iron_boots":1,"minecraft:iron_chestplate":1,"minecraft:gold_nugget":9,"minecraft:stick":8,"minecraft:iron_ingot":64,"minecraft:iron_pickaxe":1,"minecraft:stone_pickaxe":1,"minecraft:wooden_axe":1,"minecraft:iron_leggings":1,"minecraft:gold_ingot":6,"minecraft:white_bed":1,"minecraft:torch":32,"minecraft:cooked_beef":17},"minecraft:used":{"minecraft:cooked_mutton":5,"minecraft:stone_pickaxe":54,"minecraft:oak_planks":22,"minecraft:wooden_pickaxe":17,"minecraft:iron_sword":68,"minecraft:torch":35,"minecraft:dirt":5,"minecraft:mutton":3,"minecraft:crafting_table":4,"minecraft:white_bed":2,"minecraft:wooden_axe":44,"minecraft:apple":1,"minecraft:iron_pickaxe":84,"travelersbackpack:white_sleeping_bag":3,"minecraft:iron_boots":1,"minecraft:iron_helmet":1,"minecraft:cobblestone":32,"minecraft:furnace":6,"minecraft:iron_leggings":1,"gnumus:grilled_juicy_meat":2,"minecraft:cooked_beef":10},"minecraft:killed_by":{"minecraft:cave_spider":1},"minecraft:dropped":{"minecraft:sugar_cane":1,"minecraft:birch_planks":27,"minecraft:wheat_seeds":2,"minecraft:oak_log":15,"minecraft:cobbled_deepslate":19,"minecraft:glow_berries":3,"minecraft:oak_planks":28,"minecraft:azure_bluet":3,"minecraft:stick":6,"minecraft:dark_oak_log":1,"minecraft:allium":1,"minecraft:wooden_axe":1,"gnumus:gnumus_chickpeas":5,"gnumus:gnumus_horn":1,"minecraft:wooden_sword":1,"minecraft:stone_pickaxe":1,"minecraft:arrow":1,"minecraft:raw_gold":1,"minecraft:wooden_pickaxe":2,"minecraft:red_tulip":1,"minecraft:gold_ingot":13},"minecraft:killed":{"gnumus:gnumus_hunter_not_dispawn":2,"minecraft:cave_spider":2,"minecraft:pig":1,"gnumus:marsupial_mousse":1,"minecraft:skeleton":1,"minecraft:sheep":2,"minecraft:zombie":3,"gnumus:pitcher_mousse":3,"minecraft:cow":12},"minecraft:picked_up":{"minecraft:wooden_axe":1,"minecraft:stripped_oak_log":1,"minecraft:birch_log":8,"minecraft:allium":2,"minecraft:feather":4,"minecraft:azure_bluet":3,"minecraft:cooked_beef":20,"gnumus:gnumus_claw":3,"minecraft:andesite":32,"minecraft:leather":22,"minecraft:brown_mushroom":27,"minecraft:wooden_pickaxe":2,"minecraft:enchanted_book":1,"minecraft:flint":4,"minecraft:oak_log":61,"minecraft:string":17,"minecraft:dirt":26,"minecraft:raw_copper":80,"gnumus:gnumus_pouch_2":2,"minecraft:wooden_sword":1,"minecraft:cooked_mutton":2,"minecraft:apple":1,"gnumus:gnumus_horn":1,"minecraft:wheat_seeds":2,"minecraft:raw_gold":8,"minecraft:iron_ingot":14,"minecraft:stone_pickaxe":1,"minecraft:beef":26,"minecraft:iron_pickaxe":1,"minecraft:sugar_cane":2,"minecraft:oak_planks":180,"minecraft:furnace":1,"minecraft:stick":18,"minecraft:raw_iron":107,"gnumus:juicy_meat":4,"minecraft:torch":18,"minecraft:raw_iron_block":4,"minecraft:porkchop":1,"minecraft:diorite":2,"minecraft:white_bed":1,"minecraft:spruce_log":2,"minecraft:dark_oak_log":1,"gnumus:grilled_juicy_meat":2,"minecraft:spider_eye":2,"travelersbackpack:white_sleeping_bag":4,"minecraft:arrow":1,"minecraft:rotten_flesh":4,"minecraft:cooked_cod":2,"gnumus:gnumus_clay":36,"minecraft:red_tulip":1,"gnumus:gnumus_chickpeas":5,"minecraft:gold_ingot":14,"minecraft:oak_sapling":98,"gnumus:mouse_skin":8,"minecraft:glow_berries":3,"minecraft:mutton":6,"minecraft:coal":216,"minecraft:white_wool":3,"minecraft:cobblestone":106}},"DataVersion":3465}