{"stats":{"minecraft:broken":{"minecraft:wooden_axe":1},"minecraft:custom":{"minecraft:mob_kills":54,"minecraft:interact_with_crafting_table":25,"minecraft:interact_with_campfire":8,"minecraft:damage_dealt_resisted":60,"minecraft:time_since_death":605,"minecraft:sprint_one_cm":765431,"minecraft:walk_one_cm":464085,"minecraft:drop":66,"minecraft:play_time":152541,"minecraft:deaths":3,"minecraft:sneak_time":4022,"minecraft:walk_under_water_one_cm":6261,"minecraft:jump":3068,"minecraft:walk_on_water_one_cm":11642,"minecraft:total_world_time":152541,"minecraft:interact_with_furnace":72,"minecraft:sleep_in_bed":12,"minecraft:time_since_rest":630,"minecraft:damage_taken":2829,"minecraft:damage_dealt":9335,"minecraft:player_kills":1,"minecraft:swim_one_cm":18737,"minecraft:fly_one_cm":634749,"minecraft:open_chest":19,"minecraft:crouch_one_cm":9478,"minecraft:interact_with_smoker":8,"minecraft:fall_one_cm":77239,"minecraft:horse_one_cm":2890},"minecraft:mined":{"minecraft:tuff":6,"minecraft:white_bed":4,"minecraft:deepslate_diamond_ore":4,"minecraft:grass_block":3,"travelersbackpack:white_sleeping_bag":2,"minecraft:spawner":2,"minecraft:furnace":1,"minecraft:iron_ore":21,"minecraft:andesite":23,"minecraft:deepslate_lapis_ore":1,"minecraft:red_tulip":1,"minecraft:rail":1,"minecraft:deepslate_iron_ore":6,"minecraft:stripped_oak_log":1,"gnumus:fragile_gnumus_jug":2,"minecraft:stone":62,"minecraft:brown_mushroom":29,"minecraft:torch":10,"minecraft:copper_ore":2,"minecraft:cobblestone":8,"minecraft:deepslate_gold_ore":13,"minecraft:oak_planks":2,"minecraft:diorite":2,"minecraft:wall_torch":5,"gnumus:gnumus_clay_block":5,"minecraft:birch_log":187,"minecraft:grass":16,"minecraft:coal_ore":18,"minecraft:oak_log":64,"minecraft:dirt":2,"minecraft:gravel":2,"minecraft:cobweb":23,"minecraft:gold_ore":1,"minecraft:oak_leaves":7,"minecraft:deepslate":56,"minecraft:fern":4},"minecraft:crafted":{"gnumus:grilled_juicy_meat":2,"minecraft:oak_planks":188,"minecraft:raw_iron":36,"minecraft:furnace":5,"minecraft:cooked_mutton":3,"minecraft:iron_boots":1,"minecraft:iron_axe":1,"minecraft:stone_pickaxe":1,"minecraft:cooked_beef":17,"gnumus:gnumus_cutlass":2,"minecraft:cooked_porkchop":1,"minecraft:crafting_table":6,"minecraft:spruce_planks":8,"minecraft:wooden_pickaxe":1,"minecraft:iron_helmet":1,"minecraft:iron_sword":1,"minecraft:birch_planks":32,"minecraft:air":0,"minecraft:iron_chestplate":1,"minecraft:gold_nugget":9,"minecraft:stick":36,"minecraft:iron_ingot":113,"minecraft:iron_pickaxe":1,"minecraft:wooden_axe":1,"minecraft:gold_ingot":6,"minecraft:iron_leggings":1,"minecraft:white_bed":1,"minecraft:torch":132},"minecraft:used":{"minecraft:oak_fence":1,"minecraft:iron_sword":172,"minecraft:torch":138,"minecraft:dirt":5,"minecraft:mutton":3,"minecraft:tuff":1,"minecraft:wooden_axe":44,"minecraft:iron_axe":267,"minecraft:iron_helmet":2,"minecraft:iron_boots":2,"minecraft:beef":3,"minecraft:furnace":6,"minecraft:cooked_cod":2,"minecraft:cooked_beef":23,"minecraft:cobbled_deepslate":6,"gnumus:grilled_juicy_meat":4,"minecraft:iron_leggings":2,"minecraft:cooked_mutton":5,"minecraft:stone_pickaxe":54,"minecraft:oak_planks":65,"minecraft:wooden_pickaxe":17,"minecraft:brown_mushroom":1,"minecraft:crafting_table":4,"gnumus:gnumus_cutlass":7,"minecraft:white_bed":4,"minecraft:apple":1,"travelersbackpack:white_sleeping_bag":5,"minecraft:iron_pickaxe":179,"minecraft:cobblestone":32,"minecraft:cooked_porkchop":1},"minecraft:killed_by":{"minecraft:player":1,"minecraft:creeper":1,"minecraft:cave_spider":1},"minecraft:dropped":{"gnumus:gnumus_cutlass":1,"minecraft:iron_sword":2,"minecraft:brown_mushroom":27,"minecraft:birch_planks":27,"minecraft:wheat_seeds":2,"minecraft:oak_log":15,"minecraft:oak_fence":1,"minecraft:cobblestone":1,"minecraft:glow_berries":3,"minecraft:rail":2,"minecraft:stick":6,"minecraft:dark_oak_log":1,"minecraft:diorite":2,"minecraft:wooden_axe":1,"minecraft:wooden_sword":1,"minecraft:string":2,"minecraft:birch_log":1,"minecraft:bone":2,"minecraft:gold_ingot":13,"minecraft:gravel":1,"minecraft:sugar_cane":2,"minecraft:cobbled_deepslate":56,"minecraft:tuff":5,"minecraft:rotten_flesh":28,"minecraft:oak_planks":91,"minecraft:azure_bluet":3,"minecraft:allium":1,"gnumus:gnumus_chickpeas":5,"gnumus:gnumus_horn":2,"minecraft:spider_eye":1,"minecraft:arrow":6,"minecraft:stone_pickaxe":1,"minecraft:wooden_pickaxe":2,"minecraft:raw_gold":1,"minecraft:red_tulip":1},"minecraft:killed":{"minecraft:cave_spider":3,"minecraft:spider":2,"minecraft:skeleton":4,"gnumus:pitcher_mousse":3,"gnumus:gnumus_hunter":2,"gnumus:gnumus_hunter_not_dispawn":2,"minecraft:pig":1,"minecraft:bat":1,"gnumus:marsupial_mousse":1,"minecraft:sheep":2,"minecraft:zombie":16,"minecraft:enderman":1,"minecraft:cow":12},"minecraft:picked_up":{"minecraft:wooden_axe":1,"minecraft:crafting_table":4,"minecraft:iron_chestplate":2,"minecraft:allium":2,"minecraft:azure_bluet":3,"minecraft:brown_mushroom":109,"gnumus:gnumus_claw":13,"minecraft:wooden_pickaxe":2,"minecraft:enchanted_book":3,"minecraft:string":44,"minecraft:iron_axe":1,"minecraft:raw_copper":160,"minecraft:wooden_sword":1,"minecraft:iron_leggings":2,"minecraft:gold_nugget":14,"minecraft:cobbled_deepslate":97,"minecraft:beef":29,"minecraft:iron_pickaxe":3,"minecraft:sugar_cane":3,"minecraft:birch_sapling":73,"minecraft:iron_boots":2,"minecraft:furnace":1,"minecraft:raw_iron":187,"minecraft:stick":100,"gnumus:juicy_meat":6,"minecraft:oak_fence":2,"minecraft:torch":50,"minecraft:porkchop":2,"minecraft:diorite":2,"gnumus:grilled_juicy_meat":2,"minecraft:arrow":6,"minecraft:rotten_flesh":28,"minecraft:cooked_cod":4,"minecraft:red_tulip":1,"gnumus:gnumus_chickpeas":5,"minecraft:gold_ingot":26,"gnumus:mouse_skin":32,"minecraft:glow_berries":9,"minecraft:mutton":6,"minecraft:rail":2,"minecraft:white_wool":3,"minecraft:cobblestone":108,"minecraft:stripped_oak_log":1,"minecraft:birch_log":355,"minecraft:feather":12,"minecraft:cooked_beef":29,"minecraft:andesite":32,"minecraft:leather":46,"gnumus:gnumus_cutlass":3,"minecraft:flint":8,"minecraft:tuff":6,"minecraft:oak_log":107,"minecraft:lapis_lazuli":64,"minecraft:dirt":26,"gnumus:gnumus_pouch_2":3,"minecraft:cooked_mutton":2,"minecraft:bone":9,"minecraft:apple":7,"gnumus:gnumus_horn":2,"minecraft:wheat_seeds":2,"minecraft:raw_gold":152,"minecraft:iron_ingot":118,"minecraft:stone_pickaxe":1,"minecraft:iron_sword":4,"minecraft:oak_planks":395,"minecraft:gravel":1,"minecraft:raw_iron_block":4,"minecraft:white_bed":5,"minecraft:spruce_log":2,"minecraft:dark_oak_log":1,"minecraft:spider_eye":3,"travelersbackpack:white_sleeping_bag":6,"minecraft:diamond":20,"gnumus:gnumus_clay":48,"minecraft:iron_helmet":2,"minecraft:oak_sapling":227,"minecraft:coal":398}},"DataVersion":3465}